game_id,season,game_type,game_date,weekday,gametime,away_team,away_score,home_team,home_score,result,overtime,arena
0021500001,2015-16,REG,2015-10-27,Tuesday,,DET,106,ATL,94,-12,0,
0021500002,2015-16,REG,2015-10-27,Tuesday,,CLE,95,CHI,97,2,0,
0021500003,2015-16,REG,2015-10-27,Tuesday,,NOP,95,GSW,111,16,0,
0021500004,2015-16,REG,2015-10-28,Wednesday,,WAS,88,ORL,87,-1,0,
0021500005,2015-16,REG,2015-10-28,Wednesday,,PHI,95,BOS,112,17,0,
0021500006,2015-16,REG,2015-10-28,Wednesday,,CHI,115,BKN,100,-15,0,
0021500007,2015-16,REG,2015-10-28,Wednesday,,UTA,87,DET,92,5,0,
0021500008,2015-16,REG,2015-10-28,Wednesday,,CHA,94,MIA,104,10,0,
0021500009,2015-16,REG,2015-10-28,Wednesday,,IND,99,TOR,106,7,0,
0021500010,2015-16,REG,2015-10-28,Wednesday,,DEN,105,HOU,85,-20,0,
0021500011,2015-16,REG,2015-10-28,Wednesday,,CLE,106,MEM,76,-30,0,
0021500012,2015-16,REG,2015-10-28,Wednesday,,NYK,122,MIL,97,-25,0,
0021500013,2015-16,REG,2015-10-28,Wednesday,,SAS,106,OKC,112,6,0,
0021500014,2015-16,REG,2015-10-28,Wednesday,,DAL,111,PHX,95,-16,0,
0021500015,2015-16,REG,2015-10-28,Wednesday,,NOP,94,POR,112,18,0,
0021500016,2015-16,REG,2015-10-28,Wednesday,,LAC,111,SAC,104,-7,0,
0021500017,2015-16,REG,2015-10-28,Wednesday,,MIN,112,LAL,111,-1,0,
0021500018,2015-16,REG,2015-10-29,Thursday,,MEM,112,IND,103,-9,0,
0021500019,2015-16,REG,2015-10-29,Thursday,,ATL,112,NYK,101,-11,0,
0021500020,2015-16,REG,2015-10-29,Thursday,,DAL,88,LAC,104,16,0,
0021500021,2015-16,REG,2015-10-30,Friday,,MIA,92,CLE,102,10,0,
0021500022,2015-16,REG,2015-10-30,Friday,,OKC,139,ORL,136,-3,0,
0021500023,2015-16,REG,2015-10-30,Friday,,UTA,99,PHI,71,-28,0,
0021500024,2015-16,REG,2015-10-30,Friday,,TOR,113,BOS,103,-10,0,
0021500025,2015-16,REG,2015-10-30,Friday,,CHI,94,DET,98,4,0,
0021500026,2015-16,REG,2015-10-30,Friday,,CHA,94,ATL,97,3,0,
0021500027,2015-16,REG,2015-10-30,Friday,,WAS,118,MIL,113,-5,0,
0021500028,2015-16,REG,2015-10-30,Friday,,BKN,75,SAS,102,27,0,
0021500029,2015-16,REG,2015-10-30,Friday,,MIN,95,DEN,78,-17,0,
0021500030,2015-16,REG,2015-10-30,Friday,,GSW,112,HOU,92,-20,0,
0021500031,2015-16,REG,2015-10-30,Friday,,LAL,114,SAC,132,18,0,
0021500032,2015-16,REG,2015-10-30,Friday,,POR,92,PHX,110,18,0,
0021500033,2015-16,REG,2015-10-31,Saturday,,UTA,97,IND,76,-21,0,
0021500034,2015-16,REG,2015-10-31,Saturday,,NYK,117,WAS,110,-7,0,
0021500035,2015-16,REG,2015-10-31,Saturday,,GSW,134,NOP,120,-14,0,
0021500036,2015-16,REG,2015-10-31,Saturday,,BKN,91,MEM,101,10,0,
0021500037,2015-16,REG,2015-10-31,Saturday,,PHX,101,POR,90,-11,0,
0021500038,2015-16,REG,2015-10-31,Saturday,,SAC,109,LAC,114,5,0,
0021500039,2015-16,REG,2015-11-01,Sunday,,ATL,94,CHA,92,-2,0,
0021500040,2015-16,REG,2015-11-01,Sunday,,SAS,95,BOS,87,-8,0,
0021500041,2015-16,REG,2015-11-01,Sunday,,HOU,89,MIA,109,20,0,
0021500042,2015-16,REG,2015-11-01,Sunday,,MIL,87,TOR,106,19,0,
0021500043,2015-16,REG,2015-11-01,Sunday,,ORL,87,CHI,92,5,0,
0021500044,2015-16,REG,2015-11-01,Sunday,,DEN,93,OKC,117,24,0,
0021500045,2015-16,REG,2015-11-01,Sunday,,DAL,103,LAL,93,-10,0,
0021500046,2015-16,REG,2015-11-02,Monday,,CLE,107,PHI,100,-7,0,
0021500047,2015-16,REG,2015-11-02,Monday,,MIL,103,BKN,96,-7,0,
0021500048,2015-16,REG,2015-11-02,Monday,,SAS,94,NYK,84,-10,0,
0021500049,2015-16,REG,2015-11-02,Monday,,OKC,105,HOU,110,5,0,
0021500050,2015-16,REG,2015-11-02,Monday,,POR,106,MIN,101,-5,0,
0021500051,2015-16,REG,2015-11-02,Monday,,MEM,69,GSW,119,50,0,
0021500052,2015-16,REG,2015-11-02,Monday,,PHX,96,LAC,102,6,0,
0021500053,2015-16,REG,2015-11-03,Tuesday,,CHI,105,CHA,130,25,0,
0021500054,2015-16,REG,2015-11-03,Tuesday,,IND,94,DET,82,-12,0,
0021500055,2015-16,REG,2015-11-03,Tuesday,,ATL,98,MIA,92,-6,0,
0021500056,2015-16,REG,2015-11-03,Tuesday,,ORL,103,NOP,94,-9,0,
0021500057,2015-16,REG,2015-11-03,Tuesday,,TOR,102,DAL,91,-11,0,
0021500058,2015-16,REG,2015-11-03,Tuesday,,MEM,103,SAC,89,-14,0,
0021500059,2015-16,REG,2015-11-03,Tuesday,,DEN,120,LAL,109,-11,0,
0021500060,2015-16,REG,2015-11-04,Wednesday,,BOS,98,IND,100,2,0,
0021500061,2015-16,REG,2015-11-04,Wednesday,,SAS,99,WAS,102,3,0,
0021500062,2015-16,REG,2015-11-04,Wednesday,,BKN,87,ATL,101,14,0,
0021500063,2015-16,REG,2015-11-04,Wednesday,,NYK,86,CLE,96,10,0,
0021500064,2015-16,REG,2015-11-04,Wednesday,,ORL,114,HOU,119,5,0,
0021500065,2015-16,REG,2015-11-04,Wednesday,,PHI,87,MIL,91,4,0,
0021500066,2015-16,REG,2015-11-04,Wednesday,,TOR,103,OKC,98,-5,0,
0021500067,2015-16,REG,2015-11-04,Wednesday,,SAC,97,PHX,118,21,0,
0021500068,2015-16,REG,2015-11-04,Wednesday,,POR,108,UTA,92,-16,0,
0021500069,2015-16,REG,2015-11-04,Wednesday,,LAC,108,GSW,112,4,0,
0021500070,2015-16,REG,2015-11-05,Thursday,,OKC,98,CHI,104,6,0,
0021500071,2015-16,REG,2015-11-05,Thursday,,MIA,96,MIN,84,-12,0,
0021500072,2015-16,REG,2015-11-05,Thursday,,CHA,108,DAL,94,-14,0,
0021500073,2015-16,REG,2015-11-05,Thursday,,UTA,96,DEN,84,-12,0,
0021500074,2015-16,REG,2015-11-05,Thursday,,MEM,96,POR,115,19,0,
0021500075,2015-16,REG,2015-11-06,Friday,,TOR,87,ORL,92,5,0,
0021500076,2015-16,REG,2015-11-06,Friday,,WAS,98,BOS,118,20,0,
0021500077,2015-16,REG,2015-11-06,Friday,,LAL,104,BKN,98,-6,0,
0021500078,2015-16,REG,2015-11-06,Friday,,PHI,102,CLE,108,6,0,
0021500079,2015-16,REG,2015-11-06,Friday,,MIL,99,NYK,92,-7,0,
0021500080,2015-16,REG,2015-11-06,Friday,,MIA,87,IND,90,3,0,
0021500081,2015-16,REG,2015-11-06,Friday,,ATL,121,NOP,115,-6,0,
0021500082,2015-16,REG,2015-11-06,Friday,,DET,100,PHX,92,-8,0,
0021500083,2015-16,REG,2015-11-06,Friday,,DEN,104,GSW,119,15,0,
0021500084,2015-16,REG,2015-11-06,Friday,,HOU,116,SAC,110,-6,0,
0021500085,2015-16,REG,2015-11-07,Saturday,,MIN,102,CHI,93,-9,0,
0021500086,2015-16,REG,2015-11-07,Saturday,,WAS,99,ATL,114,15,0,
0021500087,2015-16,REG,2015-11-07,Saturday,,ORL,105,PHI,97,-8,0,
0021500088,2015-16,REG,2015-11-07,Saturday,,NOP,98,DAL,107,9,0,
0021500089,2015-16,REG,2015-11-07,Saturday,,BKN,86,MIL,94,8,0,
0021500090,2015-16,REG,2015-11-07,Saturday,,CHA,94,SAS,114,20,0,
0021500091,2015-16,REG,2015-11-07,Saturday,,MEM,79,UTA,89,10,0,
0021500092,2015-16,REG,2015-11-07,Saturday,,GSW,103,SAC,94,-9,0,
0021500093,2015-16,REG,2015-11-07,Saturday,,HOU,109,LAC,105,-4,0,
0021500094,2015-16,REG,2015-11-08,Sunday,,IND,97,CLE,101,4,0,
0021500095,2015-16,REG,2015-11-08,Sunday,,LAL,95,NYK,99,4,0,
0021500096,2015-16,REG,2015-11-08,Sunday,,TOR,76,MIA,96,20,0,
0021500097,2015-16,REG,2015-11-08,Sunday,,PHX,103,OKC,124,21,0,
0021500098,2015-16,REG,2015-11-08,Sunday,,DET,120,POR,103,-17,0,
0021500099,2015-16,REG,2015-11-09,Monday,,ORL,84,IND,97,13,0,
0021500100,2015-16,REG,2015-11-09,Monday,,CHI,111,PHI,88,-23,0,
0021500101,2015-16,REG,2015-11-09,Monday,,MIN,117,ATL,107,-10,0,
0021500102,2015-16,REG,2015-11-09,Monday,,POR,104,DEN,108,4,0,
0021500103,2015-16,REG,2015-11-09,Monday,,SAS,106,SAC,88,-18,0,
0021500104,2015-16,REG,2015-11-09,Monday,,DET,95,GSW,109,14,0,
0021500105,2015-16,REG,2015-11-09,Monday,,MEM,92,LAC,94,2,0,
0021500106,2015-16,REG,2015-11-10,Tuesday,,UTA,114,CLE,118,4,0,
0021500107,2015-16,REG,2015-11-10,Tuesday,,OKC,125,WAS,101,-24,0,
0021500108,2015-16,REG,2015-11-10,Tuesday,,LAL,88,MIA,101,13,0,
0021500109,2015-16,REG,2015-11-10,Tuesday,,NYK,111,TOR,109,-2,0,
0021500110,2015-16,REG,2015-11-10,Tuesday,,BOS,99,MIL,83,-16,0,
0021500111,2015-16,REG,2015-11-10,Tuesday,,CHA,104,MIN,95,-9,0,
0021500112,2015-16,REG,2015-11-10,Tuesday,,DAL,105,NOP,120,15,0,
0021500113,2015-16,REG,2015-11-11,Wednesday,,NYK,93,CHA,95,2,0,
0021500114,2015-16,REG,2015-11-11,Wednesday,,LAL,99,ORL,101,2,0,
0021500115,2015-16,REG,2015-11-11,Wednesday,,TOR,119,PHI,103,-16,0,
0021500116,2015-16,REG,2015-11-11,Wednesday,,IND,102,BOS,91,-11,0,
0021500117,2015-16,REG,2015-11-11,Wednesday,,NOP,98,ATL,106,8,0,
0021500118,2015-16,REG,2015-11-11,Wednesday,,LAC,108,DAL,118,10,0,
0021500119,2015-16,REG,2015-11-11,Wednesday,,BKN,106,HOU,98,-8,0,
0021500120,2015-16,REG,2015-11-11,Wednesday,,GSW,100,MEM,84,-16,0,
0021500121,2015-16,REG,2015-11-11,Wednesday,,MIL,102,DEN,103,1,0,
0021500122,2015-16,REG,2015-11-11,Wednesday,,DET,92,SAC,101,9,0,
0021500123,2015-16,REG,2015-11-11,Wednesday,,SAS,113,POR,101,-12,0,
0021500124,2015-16,REG,2015-11-12,Thursday,,UTA,91,MIA,92,1,0,
0021500125,2015-16,REG,2015-11-12,Thursday,,GSW,129,MIN,116,-13,0,
0021500126,2015-16,REG,2015-11-12,Thursday,,LAC,104,PHX,118,14,0,
0021500127,2015-16,REG,2015-11-13,Friday,,MIN,103,IND,107,4,0,
0021500128,2015-16,REG,2015-11-13,Friday,,UTA,93,ORL,102,9,0,
0021500129,2015-16,REG,2015-11-13,Friday,,ATL,93,BOS,106,13,0,
0021500130,2015-16,REG,2015-11-13,Friday,,CLE,90,NYK,84,-6,0,
0021500131,2015-16,REG,2015-11-13,Friday,,NOP,81,TOR,100,19,0,
0021500132,2015-16,REG,2015-11-13,Friday,,CHA,97,CHI,102,5,0,
0021500133,2015-16,REG,2015-11-13,Friday,,POR,100,MEM,101,1,0,
0021500134,2015-16,REG,2015-11-13,Friday,,PHI,85,OKC,102,17,0,
0021500135,2015-16,REG,2015-11-13,Friday,,LAL,82,DAL,90,8,0,
0021500136,2015-16,REG,2015-11-13,Friday,,HOU,98,DEN,107,9,0,
0021500137,2015-16,REG,2015-11-13,Friday,,BKN,109,SAC,111,2,0,
0021500138,2015-16,REG,2015-11-14,Saturday,,DET,96,LAC,101,5,0,
0021500139,2015-16,REG,2015-11-14,Saturday,,ORL,99,WAS,108,9,0,
0021500140,2015-16,REG,2015-11-14,Saturday,,DAL,110,HOU,98,-12,0,
0021500141,2015-16,REG,2015-11-14,Saturday,,CLE,105,MIL,108,3,0,
0021500142,2015-16,REG,2015-11-14,Saturday,,PHI,83,SAS,92,9,0,
0021500143,2015-16,REG,2015-11-14,Saturday,,DEN,81,PHX,105,24,0,
0021500144,2015-16,REG,2015-11-14,Saturday,,BKN,99,GSW,107,8,0,
0021500145,2015-16,REG,2015-11-15,Sunday,,NOP,87,NYK,95,8,0,
0021500146,2015-16,REG,2015-11-15,Sunday,,MEM,114,MIN,106,-8,0,
0021500147,2015-16,REG,2015-11-15,Sunday,,POR,94,CHA,106,12,0,
0021500148,2015-16,REG,2015-11-15,Sunday,,UTA,97,ATL,96,-1,0,
0021500149,2015-16,REG,2015-11-15,Sunday,,BOS,100,OKC,85,-15,0,
0021500150,2015-16,REG,2015-11-15,Sunday,,TOR,101,SAC,107,6,0,
0021500151,2015-16,REG,2015-11-15,Sunday,,DET,85,LAL,97,12,0,
0021500152,2015-16,REG,2015-11-16,Monday,,DAL,92,PHI,86,-6,0,
0021500153,2015-16,REG,2015-11-16,Monday,,IND,95,CHI,96,1,0,
0021500154,2015-16,REG,2015-11-16,Monday,,BOS,111,HOU,95,-16,0,
0021500155,2015-16,REG,2015-11-16,Monday,,OKC,114,MEM,122,8,0,
0021500156,2015-16,REG,2015-11-16,Monday,,POR,80,SAS,93,13,0,
0021500157,2015-16,REG,2015-11-16,Monday,,LAL,101,PHX,120,19,0,
0021500158,2015-16,REG,2015-11-17,Tuesday,,MIL,86,WAS,115,29,0,
0021500159,2015-16,REG,2015-11-17,Tuesday,,ATL,88,BKN,90,2,0,
0021500160,2015-16,REG,2015-11-17,Tuesday,,CLE,99,DET,104,5,0,
0021500161,2015-16,REG,2015-11-17,Tuesday,,MIN,103,MIA,91,-12,0,
0021500162,2015-16,REG,2015-11-17,Tuesday,,CHA,94,NYK,102,8,0,
0021500163,2015-16,REG,2015-11-17,Tuesday,,DEN,115,NOP,98,-17,0,
0021500164,2015-16,REG,2015-11-17,Tuesday,,TOR,110,GSW,115,5,0,
0021500165,2015-16,REG,2015-11-18,Wednesday,,BKN,111,CHA,116,5,0,
0021500166,2015-16,REG,2015-11-18,Wednesday,,MIN,101,ORL,104,3,0,
0021500167,2015-16,REG,2015-11-18,Wednesday,,IND,112,PHI,85,-27,0,
0021500168,2015-16,REG,2015-11-18,Wednesday,,DAL,106,BOS,102,-4,0,
0021500169,2015-16,REG,2015-11-18,Wednesday,,SAC,97,ATL,103,6,0,
0021500170,2015-16,REG,2015-11-18,Wednesday,,POR,103,HOU,108,5,0,
0021500171,2015-16,REG,2015-11-18,Wednesday,,NOP,103,OKC,110,7,0,
0021500172,2015-16,REG,2015-11-18,Wednesday,,DEN,98,SAS,109,11,0,
0021500173,2015-16,REG,2015-11-18,Wednesday,,TOR,89,UTA,93,4,0,
0021500174,2015-16,REG,2015-11-18,Wednesday,,CHI,103,PHX,97,-6,0,
0021500175,2015-16,REG,2015-11-19,Thursday,,SAC,109,MIA,116,7,0,
0021500176,2015-16,REG,2015-11-19,Thursday,,MIL,100,CLE,115,15,0,
0021500177,2015-16,REG,2015-11-19,Thursday,,GSW,124,LAC,117,-7,0,
0021500178,2015-16,REG,2015-11-20,Friday,,PHI,88,CHA,113,25,0,
0021500179,2015-16,REG,2015-11-20,Friday,,BKN,95,BOS,120,25,0,
0021500180,2015-16,REG,2015-11-20,Friday,,HOU,84,MEM,96,12,0,
0021500181,2015-16,REG,2015-11-20,Friday,,DET,96,MIN,86,-10,0,
0021500182,2015-16,REG,2015-11-20,Friday,,SAS,90,NOP,104,14,0,
0021500183,2015-16,REG,2015-11-20,Friday,,NYK,93,OKC,90,-3,0,
0021500184,2015-16,REG,2015-11-20,Friday,,UTA,93,DAL,102,9,0,
0021500185,2015-16,REG,2015-11-20,Friday,,PHX,114,DEN,107,-7,0,
0021500186,2015-16,REG,2015-11-20,Friday,,LAC,91,POR,102,11,0,
0021500187,2015-16,REG,2015-11-20,Friday,,CHI,94,GSW,106,12,0,
0021500188,2015-16,REG,2015-11-20,Friday,,TOR,102,LAL,91,-11,0,
0021500189,2015-16,REG,2015-11-21,Saturday,,SAC,97,ORL,91,-6,0,
0021500190,2015-16,REG,2015-11-21,Saturday,,MIL,86,IND,123,37,0,
0021500191,2015-16,REG,2015-11-21,Saturday,,ATL,97,CLE,109,12,0,
0021500192,2015-16,REG,2015-11-21,Saturday,,WAS,97,DET,95,-2,0,
0021500193,2015-16,REG,2015-11-21,Saturday,,PHI,91,MIA,96,5,0,
0021500194,2015-16,REG,2015-11-21,Saturday,,NYK,107,HOU,102,-5,0,
0021500195,2015-16,REG,2015-11-21,Saturday,,MEM,82,SAS,92,10,0,
0021500196,2015-16,REG,2015-11-22,Sunday,,TOR,91,LAC,80,-11,0,
0021500197,2015-16,REG,2015-11-22,Sunday,,BOS,101,BKN,111,10,0,
0021500198,2015-16,REG,2015-11-22,Sunday,,PHX,116,NOP,122,6,0,
0021500199,2015-16,REG,2015-11-22,Sunday,,DAL,114,OKC,117,3,0,
0021500200,2015-16,REG,2015-11-22,Sunday,,GSW,118,DEN,105,-13,0,
0021500201,2015-16,REG,2015-11-22,Sunday,,POR,107,LAL,93,-14,0,
0021500202,2015-16,REG,2015-11-23,Monday,,SAC,122,CHA,127,5,0,
0021500203,2015-16,REG,2015-11-23,Monday,,ORL,103,CLE,117,14,0,
0021500204,2015-16,REG,2015-11-23,Monday,,NYK,78,MIA,95,17,0,
0021500205,2015-16,REG,2015-11-23,Monday,,DET,88,MIL,109,21,0,
0021500206,2015-16,REG,2015-11-23,Monday,,PHI,95,MIN,100,5,0,
0021500207,2015-16,REG,2015-11-23,Monday,,PHX,84,SAS,98,14,0,
0021500208,2015-16,REG,2015-11-23,Monday,,OKC,111,UTA,89,-22,0,
0021500209,2015-16,REG,2015-11-24,Tuesday,,IND,123,WAS,106,-17,0,
0021500210,2015-16,REG,2015-11-24,Tuesday,,BOS,97,ATL,121,24,0,
0021500211,2015-16,REG,2015-11-24,Tuesday,,DAL,96,MEM,110,14,0,
0021500212,2015-16,REG,2015-11-24,Tuesday,,LAC,111,DEN,94,-17,0,
0021500213,2015-16,REG,2015-11-24,Tuesday,,CHI,93,POR,88,-5,0,
0021500214,2015-16,REG,2015-11-24,Tuesday,,LAL,77,GSW,111,34,0,
0021500215,2015-16,REG,2015-11-25,Wednesday,,WAS,87,CHA,101,14,0,
0021500216,2015-16,REG,2015-11-25,Wednesday,,NYK,91,ORL,100,9,0,
0021500217,2015-16,REG,2015-11-25,Wednesday,,PHI,80,BOS,84,4,0,
0021500218,2015-16,REG,2015-11-25,Wednesday,,MIA,81,DET,104,23,0,
0021500219,2015-16,REG,2015-11-25,Wednesday,,CLE,99,TOR,103,4,0,
0021500220,2015-16,REG,2015-11-25,Wednesday,,MEM,102,HOU,93,-9,0,
0021500221,2015-16,REG,2015-11-25,Wednesday,,SAC,129,MIL,118,-11,0,
0021500222,2015-16,REG,2015-11-25,Wednesday,,ATL,95,MIN,99,4,0,
0021500223,2015-16,REG,2015-11-25,Wednesday,,BKN,99,OKC,110,11,0,
0021500224,2015-16,REG,2015-11-25,Wednesday,,DAL,83,SAS,88,5,0,
0021500225,2015-16,REG,2015-11-25,Wednesday,,NOP,120,PHX,114,-6,0,
0021500226,2015-16,REG,2015-11-25,Wednesday,,UTA,102,LAC,91,-11,0,
0021500227,2015-16,REG,2015-11-27,Friday,,CLE,95,CHA,90,-5,0,
0021500228,2015-16,REG,2015-11-27,Friday,,MIL,90,ORL,114,24,0,
0021500229,2015-16,REG,2015-11-27,Friday,,WAS,78,BOS,111,33,0,
0021500230,2015-16,REG,2015-11-27,Friday,,MIA,97,NYK,78,-19,0,
0021500231,2015-16,REG,2015-11-27,Friday,,CHI,92,IND,104,12,0,
0021500232,2015-16,REG,2015-11-27,Friday,,PHI,114,HOU,116,2,0,
0021500233,2015-16,REG,2015-11-27,Friday,,ATL,116,MEM,101,-15,0,
0021500234,2015-16,REG,2015-11-27,Friday,,DET,87,OKC,103,16,0,
0021500235,2015-16,REG,2015-11-27,Friday,,SAS,91,DEN,80,-11,0,
0021500236,2015-16,REG,2015-11-27,Friday,,GSW,135,PHX,116,-19,0,
0021500237,2015-16,REG,2015-11-27,Friday,,MIN,101,SAC,91,-10,0,
0021500238,2015-16,REG,2015-11-27,Friday,,NOP,90,LAC,111,21,0,
0021500239,2015-16,REG,2015-11-28,Saturday,,TOR,84,WAS,82,-2,0,
0021500240,2015-16,REG,2015-11-28,Saturday,,BKN,88,CLE,90,2,0,
0021500241,2015-16,REG,2015-11-28,Saturday,,DEN,81,DAL,92,11,0,
0021500242,2015-16,REG,2015-11-28,Saturday,,ATL,88,SAS,108,20,0,
0021500243,2015-16,REG,2015-11-28,Saturday,,NOP,87,UTA,101,14,0,
0021500244,2015-16,REG,2015-11-28,Saturday,,LAL,96,POR,108,12,0,
0021500245,2015-16,REG,2015-11-28,Saturday,,SAC,101,GSW,120,19,0,
0021500246,2015-16,REG,2015-11-29,Sunday,,MIL,82,CHA,87,5,0,
0021500247,2015-16,REG,2015-11-29,Sunday,,MIN,99,LAC,107,8,0,
0021500248,2015-16,REG,2015-11-29,Sunday,,DET,83,BKN,87,4,0,
0021500249,2015-16,REG,2015-11-29,Sunday,,BOS,91,ORL,110,19,0,
0021500250,2015-16,REG,2015-11-29,Sunday,,PHX,107,TOR,102,-5,0,
0021500251,2015-16,REG,2015-11-29,Sunday,,PHI,84,MEM,92,8,0,
0021500252,2015-16,REG,2015-11-29,Sunday,,HOU,116,NYK,111,-5,0,
0021500253,2015-16,REG,2015-11-29,Sunday,,IND,107,LAL,103,-4,0,
0021500254,2015-16,REG,2015-11-30,Monday,,HOU,105,DET,116,11,0,
0021500255,2015-16,REG,2015-11-30,Monday,,BOS,105,MIA,95,-10,0,
0021500256,2015-16,REG,2015-11-30,Monday,,OKC,100,ATL,106,6,0,
0021500257,2015-16,REG,2015-11-30,Monday,,SAS,89,CHI,92,3,0,
0021500258,2015-16,REG,2015-11-30,Monday,,DEN,74,MIL,92,18,0,
0021500259,2015-16,REG,2015-11-30,Monday,,GSW,106,UTA,103,-3,0,
0021500260,2015-16,REG,2015-11-30,Monday,,DAL,98,SAC,112,14,0,
0021500261,2015-16,REG,2015-11-30,Monday,,POR,87,LAC,102,15,0,
0021500262,2015-16,REG,2015-12-01,Tuesday,,WAS,97,CLE,85,-12,0,
0021500263,2015-16,REG,2015-12-01,Tuesday,,LAL,91,PHI,103,12,0,
0021500264,2015-16,REG,2015-12-01,Tuesday,,PHX,91,BKN,94,3,0,
0021500265,2015-16,REG,2015-12-01,Tuesday,,ORL,96,MIN,93,-3,0,
0021500266,2015-16,REG,2015-12-01,Tuesday,,MEM,113,NOP,104,-9,0,
0021500267,2015-16,REG,2015-12-01,Tuesday,,DAL,115,POR,112,-3,0,
0021500268,2015-16,REG,2015-12-02,Wednesday,,GSW,116,CHA,99,-17,0,
0021500269,2015-16,REG,2015-12-02,Wednesday,,LAL,108,WAS,104,-4,0,
0021500270,2015-16,REG,2015-12-02,Wednesday,,PHX,122,DET,127,5,0,
0021500271,2015-16,REG,2015-12-02,Wednesday,,PHI,87,NYK,99,12,0,
0021500272,2015-16,REG,2015-12-02,Wednesday,,TOR,96,ATL,86,-10,0,
0021500273,2015-16,REG,2015-12-02,Wednesday,,DEN,90,CHI,99,9,0,
0021500274,2015-16,REG,2015-12-02,Wednesday,,NOP,101,HOU,108,7,0,
0021500275,2015-16,REG,2015-12-02,Wednesday,,MIL,70,SAS,95,25,0,
0021500276,2015-16,REG,2015-12-02,Wednesday,,IND,103,LAC,91,-12,0,
0021500277,2015-16,REG,2015-12-03,Thursday,,OKC,95,MIA,97,2,0,
0021500278,2015-16,REG,2015-12-03,Thursday,,DEN,106,TOR,105,-1,0,
0021500279,2015-16,REG,2015-12-03,Thursday,,ORL,103,UTA,94,-9,0,
0021500280,2015-16,REG,2015-12-03,Thursday,,SAS,103,MEM,83,-20,0,
0021500281,2015-16,REG,2015-12-03,Thursday,,IND,111,POR,123,12,0,
0021500282,2015-16,REG,2015-12-03,Thursday,,BOS,114,SAC,97,-17,0,
0021500283,2015-16,REG,2015-12-04,Friday,,BKN,91,NYK,108,17,0,
0021500284,2015-16,REG,2015-12-04,Friday,,PHX,106,WAS,109,3,0,
0021500285,2015-16,REG,2015-12-04,Friday,,MIL,95,DET,102,7,0,
0021500286,2015-16,REG,2015-12-04,Friday,,LAL,87,ATL,100,13,0,
0021500287,2015-16,REG,2015-12-04,Friday,,HOU,100,DAL,96,-4,0,
0021500288,2015-16,REG,2015-12-04,Friday,,CLE,108,NOP,114,6,0,
0021500289,2015-16,REG,2015-12-05,Saturday,,DEN,108,PHI,105,-3,0,
0021500290,2015-16,REG,2015-12-05,Saturday,,GSW,112,TOR,109,-3,0,
0021500291,2015-16,REG,2015-12-05,Saturday,,CLE,84,MIA,99,15,0,
0021500292,2015-16,REG,2015-12-05,Saturday,,CHA,102,CHI,96,-6,0,
0021500293,2015-16,REG,2015-12-05,Saturday,,SAC,113,HOU,120,7,0,
0021500294,2015-16,REG,2015-12-05,Saturday,,POR,109,MIN,103,-6,0,
0021500295,2015-16,REG,2015-12-05,Saturday,,NYK,91,MIL,106,15,0,
0021500296,2015-16,REG,2015-12-05,Saturday,,BOS,105,SAS,108,3,0,
0021500297,2015-16,REG,2015-12-05,Saturday,,IND,119,UTA,122,3,0,
0021500298,2015-16,REG,2015-12-05,Saturday,,ORL,101,LAC,103,2,0,
0021500299,2015-16,REG,2015-12-06,Sunday,,PHX,93,MEM,95,2,0,
0021500300,2015-16,REG,2015-12-06,Sunday,,GSW,114,BKN,98,-16,0,
0021500301,2015-16,REG,2015-12-06,Sunday,,LAL,91,DET,111,20,0,
0021500302,2015-16,REG,2015-12-06,Sunday,,DAL,116,WAS,104,-12,0,
0021500303,2015-16,REG,2015-12-06,Sunday,,SAC,95,OKC,98,3,0,
0021500304,2015-16,REG,2015-12-07,Monday,,DET,84,CHA,104,20,0,
0021500305,2015-16,REG,2015-12-07,Monday,,SAS,119,PHI,68,-51,0,
0021500306,2015-16,REG,2015-12-07,Monday,,WAS,114,MIA,103,-11,0,
0021500307,2015-16,REG,2015-12-07,Monday,,DAL,104,NYK,97,-7,0,
0021500308,2015-16,REG,2015-12-07,Monday,,LAL,93,TOR,102,9,0,
0021500309,2015-16,REG,2015-12-07,Monday,,PHX,103,CHI,101,-2,0,
0021500310,2015-16,REG,2015-12-07,Monday,,POR,88,MIL,90,2,0,
0021500311,2015-16,REG,2015-12-07,Monday,,LAC,110,MIN,106,-4,0,
0021500312,2015-16,REG,2015-12-07,Monday,,BOS,111,NOP,93,-18,0,
0021500313,2015-16,REG,2015-12-08,Tuesday,,POR,100,CLE,105,5,0,
0021500314,2015-16,REG,2015-12-08,Tuesday,,GSW,131,IND,123,-8,0,
0021500315,2015-16,REG,2015-12-08,Tuesday,,HOU,105,BKN,110,5,0,
0021500316,2015-16,REG,2015-12-08,Tuesday,,OKC,125,MEM,88,-37,0,
0021500317,2015-16,REG,2015-12-08,Tuesday,,ORL,85,DEN,74,-11,0,
0021500318,2015-16,REG,2015-12-08,Tuesday,,UTA,106,SAC,114,8,0,
0021500319,2015-16,REG,2015-12-09,Wednesday,,CHI,100,BOS,105,5,0,
0021500320,2015-16,REG,2015-12-09,Wednesday,,MIA,81,CHA,99,18,0,
0021500321,2015-16,REG,2015-12-09,Wednesday,,HOU,109,WAS,103,-6,0,
0021500322,2015-16,REG,2015-12-09,Wednesday,,MEM,93,DET,92,-1,0,
0021500323,2015-16,REG,2015-12-09,Wednesday,,SAS,94,TOR,97,3,0,
0021500324,2015-16,REG,2015-12-09,Wednesday,,LAC,109,MIL,95,-14,0,
0021500325,2015-16,REG,2015-12-09,Wednesday,,LAL,122,MIN,123,1,0,
0021500326,2015-16,REG,2015-12-09,Wednesday,,ORL,104,PHX,107,3,0,
0021500327,2015-16,REG,2015-12-09,Wednesday,,NYK,85,UTA,106,21,0,
0021500328,2015-16,REG,2015-12-09,Wednesday,,ATL,98,DAL,95,-3,0,
0021500329,2015-16,REG,2015-12-10,Thursday,,PHI,91,BKN,100,9,0,
0021500330,2015-16,REG,2015-12-10,Thursday,,LAC,80,CHI,83,3,0,
0021500331,2015-16,REG,2015-12-10,Thursday,,ATL,94,OKC,107,13,0,
0021500332,2015-16,REG,2015-12-10,Thursday,,NYK,97,SAC,99,2,0,
0021500333,2015-16,REG,2015-12-11,Friday,,MIA,83,IND,96,13,0,
0021500334,2015-16,REG,2015-12-11,Friday,,CLE,111,ORL,76,-35,0,
0021500335,2015-16,REG,2015-12-11,Friday,,DET,107,PHI,95,-12,0,
0021500336,2015-16,REG,2015-12-11,Friday,,GSW,124,BOS,119,-5,0,
0021500337,2015-16,REG,2015-12-11,Friday,,MIL,83,TOR,90,7,0,
0021500338,2015-16,REG,2015-12-11,Friday,,CHA,123,MEM,99,-24,0,
0021500339,2015-16,REG,2015-12-11,Friday,,WAS,105,NOP,107,2,0,
0021500340,2015-16,REG,2015-12-11,Friday,,MIN,108,DEN,111,3,0,
0021500341,2015-16,REG,2015-12-11,Friday,,OKC,94,UTA,90,-4,0,
0021500342,2015-16,REG,2015-12-11,Friday,,LAL,87,SAS,109,22,0,
0021500343,2015-16,REG,2015-12-11,Friday,,POR,106,PHX,96,-10,0,
0021500344,2015-16,REG,2015-12-12,Saturday,,LAC,105,BKN,100,-5,0,
0021500345,2015-16,REG,2015-12-12,Saturday,,BOS,98,CHA,93,-5,0,
0021500346,2015-16,REG,2015-12-12,Saturday,,IND,96,DET,118,22,0,
0021500347,2015-16,REG,2015-12-12,Saturday,,SAS,103,ATL,78,-25,0,
0021500348,2015-16,REG,2015-12-12,Saturday,,NOP,94,CHI,98,4,0,
0021500349,2015-16,REG,2015-12-12,Saturday,,LAL,97,HOU,126,29,0,
0021500350,2015-16,REG,2015-12-12,Saturday,,WAS,114,DAL,111,-3,0,
0021500351,2015-16,REG,2015-12-12,Saturday,,GSW,95,MIL,108,13,0,
0021500352,2015-16,REG,2015-12-12,Saturday,,NYK,112,POR,110,-2,0,
0021500353,2015-16,REG,2015-12-13,Sunday,,MIN,101,PHX,108,7,0,
0021500354,2015-16,REG,2015-12-13,Sunday,,MEM,97,MIA,100,3,0,
0021500355,2015-16,REG,2015-12-13,Sunday,,PHI,76,TOR,96,20,0,
0021500356,2015-16,REG,2015-12-13,Sunday,,UTA,98,OKC,104,6,0,
0021500357,2015-16,REG,2015-12-14,Monday,,TOR,90,IND,106,16,0,
0021500358,2015-16,REG,2015-12-14,Monday,,ORL,105,BKN,82,-23,0,
0021500359,2015-16,REG,2015-12-14,Monday,,LAC,105,DET,103,-2,0,
0021500360,2015-16,REG,2015-12-14,Monday,,MIA,100,ATL,88,-12,0,
0021500361,2015-16,REG,2015-12-14,Monday,,PHI,96,CHI,115,19,0,
0021500362,2015-16,REG,2015-12-14,Monday,,WAS,95,MEM,112,17,0,
0021500363,2015-16,REG,2015-12-14,Monday,,PHX,94,DAL,104,10,0,
0021500364,2015-16,REG,2015-12-14,Monday,,UTA,81,SAS,118,37,0,
0021500365,2015-16,REG,2015-12-14,Monday,,HOU,108,DEN,114,6,0,
0021500366,2015-16,REG,2015-12-14,Monday,,NOP,101,POR,105,4,0,
0021500367,2015-16,REG,2015-12-15,Tuesday,,CLE,89,BOS,77,-12,0,
0021500368,2015-16,REG,2015-12-15,Tuesday,,DEN,112,MIN,100,-12,0,
0021500369,2015-16,REG,2015-12-15,Tuesday,,HOU,97,SAC,107,10,0,
0021500370,2015-16,REG,2015-12-15,Tuesday,,MIL,95,LAL,113,18,0,
0021500371,2015-16,REG,2015-12-16,Wednesday,,DAL,81,IND,107,26,0,
0021500372,2015-16,REG,2015-12-16,Wednesday,,CHA,98,ORL,113,15,0,
0021500373,2015-16,REG,2015-12-16,Wednesday,,MIA,104,BKN,98,-6,0,
0021500374,2015-16,REG,2015-12-16,Wednesday,,BOS,116,DET,119,3,0,
0021500375,2015-16,REG,2015-12-16,Wednesday,,MIN,102,NYK,107,5,0,
0021500376,2015-16,REG,2015-12-16,Wednesday,,PHI,106,ATL,127,21,0,
0021500377,2015-16,REG,2015-12-16,Wednesday,,MEM,85,CHI,98,13,0,
0021500378,2015-16,REG,2015-12-16,Wednesday,,POR,90,OKC,106,16,0,
0021500379,2015-16,REG,2015-12-16,Wednesday,,WAS,95,SAS,114,19,0,
0021500380,2015-16,REG,2015-12-16,Wednesday,,NOP,104,UTA,94,-10,0,
0021500381,2015-16,REG,2015-12-16,Wednesday,,PHX,103,GSW,128,25,0,
0021500382,2015-16,REG,2015-12-16,Wednesday,,MIL,90,LAC,103,13,0,
0021500383,2015-16,REG,2015-12-17,Thursday,,TOR,99,CHA,109,10,0,
0021500384,2015-16,REG,2015-12-17,Thursday,,OKC,100,CLE,104,4,0,
0021500385,2015-16,REG,2015-12-17,Thursday,,HOU,107,LAL,87,-20,0,
0021500386,2015-16,REG,2015-12-18,Friday,,BKN,97,IND,104,7,0,
0021500387,2015-16,REG,2015-12-18,Friday,,POR,94,ORL,102,8,0,
0021500388,2015-16,REG,2015-12-18,Friday,,NYK,107,PHI,97,-10,0,
0021500389,2015-16,REG,2015-12-18,Friday,,ATL,109,BOS,101,-8,0,
0021500390,2015-16,REG,2015-12-18,Friday,,TOR,108,MIA,94,-14,0,
0021500391,2015-16,REG,2015-12-18,Friday,,DET,147,CHI,144,-3,0,
0021500392,2015-16,REG,2015-12-18,Friday,,SAC,95,MIN,99,4,0,
0021500393,2015-16,REG,2015-12-18,Friday,,LAC,107,SAS,115,8,0,
0021500394,2015-16,REG,2015-12-18,Friday,,MEM,88,DAL,97,9,0,
0021500395,2015-16,REG,2015-12-18,Friday,,DEN,88,UTA,97,9,0,
0021500396,2015-16,REG,2015-12-18,Friday,,NOP,88,PHX,104,16,0,
0021500397,2015-16,REG,2015-12-18,Friday,,MIL,112,GSW,121,9,0,
0021500398,2015-16,REG,2015-12-19,Saturday,,LAL,78,OKC,118,40,0,
0021500399,2015-16,REG,2015-12-19,Saturday,,CHA,101,WAS,109,8,0,
0021500400,2015-16,REG,2015-12-19,Saturday,,CHI,91,NYK,107,16,0,
0021500401,2015-16,REG,2015-12-19,Saturday,,LAC,97,HOU,107,10,0,
0021500402,2015-16,REG,2015-12-19,Saturday,,IND,84,MEM,96,12,0,
0021500403,2015-16,REG,2015-12-20,Sunday,,MIN,100,BKN,85,-15,0,
0021500404,2015-16,REG,2015-12-20,Sunday,,POR,109,MIA,116,7,0,
0021500405,2015-16,REG,2015-12-20,Sunday,,PHI,86,CLE,108,22,0,
0021500406,2015-16,REG,2015-12-20,Sunday,,MIL,101,PHX,95,-6,0,
0021500407,2015-16,REG,2015-12-20,Sunday,,ATL,103,ORL,100,-3,0,
0021500408,2015-16,REG,2015-12-20,Sunday,,SAC,104,TOR,94,-10,0,
0021500409,2015-16,REG,2015-12-20,Sunday,,NOP,130,DEN,125,-5,0,
0021500410,2015-16,REG,2015-12-21,Monday,,SAC,99,WAS,113,14,0,
0021500411,2015-16,REG,2015-12-21,Monday,,MIN,99,BOS,113,14,0,
0021500412,2015-16,REG,2015-12-21,Monday,,ORL,107,NYK,99,-8,0,
0021500413,2015-16,REG,2015-12-21,Monday,,POR,97,ATL,106,9,0,
0021500414,2015-16,REG,2015-12-21,Monday,,BKN,105,CHI,102,-3,0,
0021500415,2015-16,REG,2015-12-21,Monday,,CHA,95,HOU,102,7,0,
0021500416,2015-16,REG,2015-12-21,Monday,,IND,92,SAS,106,14,0,
0021500417,2015-16,REG,2015-12-21,Monday,,PHX,89,UTA,110,21,0,
0021500418,2015-16,REG,2015-12-21,Monday,,OKC,100,LAC,99,-1,0,
0021500419,2015-16,REG,2015-12-22,Tuesday,,MEM,104,PHI,90,-14,0,
0021500420,2015-16,REG,2015-12-22,Tuesday,,DET,93,MIA,92,-1,0,
0021500421,2015-16,REG,2015-12-22,Tuesday,,DAL,99,TOR,103,4,0,
0021500422,2015-16,REG,2015-12-22,Tuesday,,LAL,111,DEN,107,-4,0,
0021500423,2015-16,REG,2015-12-23,Wednesday,,BOS,102,CHA,89,-13,0,
0021500424,2015-16,REG,2015-12-23,Wednesday,,NYK,84,CLE,91,7,0,
0021500425,2015-16,REG,2015-12-23,Wednesday,,SAC,108,IND,106,-2,0,
0021500426,2015-16,REG,2015-12-23,Wednesday,,HOU,101,ORL,104,3,0,
0021500427,2015-16,REG,2015-12-23,Wednesday,,MEM,91,WAS,100,9,0,
0021500428,2015-16,REG,2015-12-23,Wednesday,,DAL,119,BKN,118,-1,0,
0021500429,2015-16,REG,2015-12-23,Wednesday,,DET,100,ATL,107,7,0,
0021500430,2015-16,REG,2015-12-23,Wednesday,,PHI,100,MIL,113,13,0,
0021500431,2015-16,REG,2015-12-23,Wednesday,,SAS,108,MIN,83,-25,0,
0021500432,2015-16,REG,2015-12-23,Wednesday,,POR,89,NOP,115,26,0,
0021500433,2015-16,REG,2015-12-23,Wednesday,,DEN,104,PHX,96,-8,0,
0021500434,2015-16,REG,2015-12-23,Wednesday,,UTA,85,GSW,103,18,0,
0021500435,2015-16,REG,2015-12-23,Wednesday,,OKC,120,LAL,85,-35,0,
0021500436,2015-16,REG,2015-12-25,Friday,,NOP,88,MIA,94,6,0,
0021500437,2015-16,REG,2015-12-25,Friday,,CHI,105,OKC,96,-9,0,
0021500438,2015-16,REG,2015-12-25,Friday,,CLE,83,GSW,89,6,0,
0021500439,2015-16,REG,2015-12-25,Friday,,SAS,84,HOU,88,4,0,
0021500440,2015-16,REG,2015-12-25,Friday,,LAC,94,LAL,84,-10,0,
0021500441,2015-16,REG,2015-12-26,Saturday,,TOR,111,MIL,90,-21,0,
0021500442,2015-16,REG,2015-12-26,Saturday,,NYK,98,ATL,117,19,0,
0021500443,2015-16,REG,2015-12-26,Saturday,,MEM,92,CHA,98,6,0,
0021500444,2015-16,REG,2015-12-26,Saturday,,MIA,108,ORL,101,-7,0,
0021500445,2015-16,REG,2015-12-26,Saturday,,HOU,108,NOP,110,2,0,
0021500446,2015-16,REG,2015-12-26,Saturday,,BOS,99,DET,93,-6,0,
0021500447,2015-16,REG,2015-12-26,Saturday,,WAS,111,BKN,96,-15,0,
0021500448,2015-16,REG,2015-12-26,Saturday,,IND,102,MIN,88,-14,0,
0021500449,2015-16,REG,2015-12-26,Saturday,,CHI,111,DAL,118,7,0,
0021500450,2015-16,REG,2015-12-26,Saturday,,DEN,86,SAS,101,15,0,
0021500451,2015-16,REG,2015-12-26,Saturday,,PHI,111,PHX,104,-7,0,
0021500452,2015-16,REG,2015-12-26,Saturday,,LAC,109,UTA,104,-5,0,
0021500453,2015-16,REG,2015-12-26,Saturday,,CLE,76,POR,105,29,0,
0021500454,2015-16,REG,2015-12-27,Sunday,,NYK,91,BOS,100,9,0,
0021500455,2015-16,REG,2015-12-27,Sunday,,LAL,96,MEM,112,16,0,
0021500456,2015-16,REG,2015-12-27,Sunday,,DEN,112,OKC,122,10,0,
0021500457,2015-16,REG,2015-12-27,Sunday,,POR,98,SAC,94,-4,0,
0021500458,2015-16,REG,2015-12-28,Monday,,LAL,98,CHA,108,10,0,
0021500459,2015-16,REG,2015-12-28,Monday,,ATL,87,IND,93,6,0,
0021500460,2015-16,REG,2015-12-28,Monday,,NOP,89,ORL,104,15,0,
0021500461,2015-16,REG,2015-12-28,Monday,,LAC,108,WAS,91,-17,0,
0021500462,2015-16,REG,2015-12-28,Monday,,BKN,111,MIA,105,-6,0,
0021500463,2015-16,REG,2015-12-28,Monday,,TOR,97,CHI,104,7,0,
0021500464,2015-16,REG,2015-12-28,Monday,,MIL,93,DAL,103,10,0,
0021500465,2015-16,REG,2015-12-28,Monday,,MIN,95,SAS,101,6,0,
0021500466,2015-16,REG,2015-12-28,Monday,,CLE,101,PHX,97,-4,0,
0021500467,2015-16,REG,2015-12-28,Monday,,PHI,91,UTA,95,4,0,
0021500468,2015-16,REG,2015-12-28,Monday,,SAC,103,GSW,122,19,0,
0021500469,2015-16,REG,2015-12-29,Tuesday,,DET,96,NYK,108,12,0,
0021500470,2015-16,REG,2015-12-29,Tuesday,,ATL,121,HOU,115,-6,0,
0021500471,2015-16,REG,2015-12-29,Tuesday,,MIA,90,MEM,99,9,0,
0021500472,2015-16,REG,2015-12-29,Tuesday,,MIL,123,OKC,131,8,0,
0021500473,2015-16,REG,2015-12-29,Tuesday,,CLE,93,DEN,87,-6,0,
0021500474,2015-16,REG,2015-12-30,Wednesday,,LAC,122,CHA,117,-5,0,
0021500475,2015-16,REG,2015-12-30,Wednesday,,BKN,93,ORL,100,7,0,
0021500476,2015-16,REG,2015-12-30,Wednesday,,LAL,112,BOS,104,-8,0,
0021500477,2015-16,REG,2015-12-30,Wednesday,,WAS,91,TOR,94,3,0,
0021500478,2015-16,REG,2015-12-30,Wednesday,,IND,100,CHI,102,2,0,
0021500479,2015-16,REG,2015-12-30,Wednesday,,UTA,80,MIN,94,14,0,
0021500480,2015-16,REG,2015-12-30,Wednesday,,GSW,91,DAL,114,23,0,
0021500481,2015-16,REG,2015-12-30,Wednesday,,PHX,79,SAS,112,33,0,
0021500482,2015-16,REG,2015-12-30,Wednesday,,DEN,103,POR,110,7,0,
0021500483,2015-16,REG,2015-12-30,Wednesday,,PHI,110,SAC,105,-5,0,
0021500484,2015-16,REG,2015-12-31,Thursday,,MIL,120,IND,116,-4,0,
0021500485,2015-16,REG,2015-12-31,Thursday,,GSW,114,HOU,110,-4,0,
0021500486,2015-16,REG,2015-12-31,Thursday,,MIN,90,DET,115,25,0,
0021500487,2015-16,REG,2015-12-31,Thursday,,LAC,95,NOP,89,-6,0,
0021500488,2015-16,REG,2015-12-31,Thursday,,PHX,106,OKC,110,4,0,
0021500489,2015-16,REG,2015-12-31,Thursday,,POR,96,UTA,109,13,0,
0021500490,2015-16,REG,2016-01-01,Friday,,ORL,91,WAS,103,12,0,
0021500491,2015-16,REG,2016-01-01,Friday,,DAL,82,MIA,106,24,0,
0021500492,2015-16,REG,2016-01-01,Friday,,CHA,94,TOR,104,10,0,
0021500493,2015-16,REG,2016-01-01,Friday,,NYK,81,CHI,108,27,0,
0021500494,2015-16,REG,2016-01-01,Friday,,PHI,84,LAL,93,9,0,
0021500495,2015-16,REG,2016-01-02,Saturday,,BKN,100,BOS,97,-3,0,
0021500496,2015-16,REG,2016-01-02,Saturday,,PHX,119,SAC,142,23,0,
0021500497,2015-16,REG,2016-01-02,Saturday,,OKC,109,CHA,90,-19,0,
0021500498,2015-16,REG,2016-01-02,Saturday,,DET,82,IND,94,12,0,
0021500499,2015-16,REG,2016-01-02,Saturday,,ORL,79,CLE,104,25,0,
0021500500,2015-16,REG,2016-01-02,Saturday,,MIL,95,MIN,85,-10,0,
0021500501,2015-16,REG,2016-01-02,Saturday,,NOP,105,DAL,98,-7,0,
0021500502,2015-16,REG,2016-01-02,Saturday,,HOU,103,SAS,121,18,0,
0021500503,2015-16,REG,2016-01-02,Saturday,,MEM,87,UTA,92,5,0,
0021500504,2015-16,REG,2016-01-02,Saturday,,DEN,108,GSW,111,3,0,
0021500505,2015-16,REG,2016-01-02,Saturday,,PHI,99,LAC,130,31,0,
0021500506,2015-16,REG,2016-01-03,Sunday,,ATL,97,NYK,111,14,0,
0021500507,2015-16,REG,2016-01-03,Sunday,,CHI,115,TOR,113,-2,0,
0021500508,2015-16,REG,2016-01-03,Sunday,,MIA,97,WAS,75,-22,0,
0021500509,2015-16,REG,2016-01-03,Sunday,,POR,112,DEN,106,-6,0,
0021500510,2015-16,REG,2016-01-03,Sunday,,PHX,77,LAL,97,20,0,
0021500511,2015-16,REG,2016-01-04,Monday,,TOR,100,CLE,122,22,0,
0021500512,2015-16,REG,2016-01-04,Monday,,MIN,99,PHI,109,10,0,
0021500513,2015-16,REG,2016-01-04,Monday,,BOS,103,BKN,94,-9,0,
0021500514,2015-16,REG,2016-01-04,Monday,,ORL,89,DET,115,26,0,
0021500515,2015-16,REG,2016-01-04,Monday,,IND,100,MIA,103,3,0,
0021500516,2015-16,REG,2016-01-04,Monday,,SAS,123,MIL,98,-25,0,
0021500517,2015-16,REG,2016-01-04,Monday,,SAC,116,OKC,104,-12,0,
0021500518,2015-16,REG,2016-01-04,Monday,,HOU,93,UTA,91,-2,0,
0021500519,2015-16,REG,2016-01-04,Monday,,MEM,91,POR,78,-13,0,
0021500520,2015-16,REG,2016-01-04,Monday,,CHA,101,GSW,111,10,0,
0021500521,2015-16,REG,2016-01-05,Tuesday,,NYK,107,ATL,101,-6,0,
0021500522,2015-16,REG,2016-01-05,Tuesday,,MIL,106,CHI,117,11,0,
0021500523,2015-16,REG,2016-01-05,Tuesday,,SAC,116,DAL,117,1,0,
0021500524,2015-16,REG,2016-01-05,Tuesday,,GSW,109,LAL,88,-21,0,
0021500525,2015-16,REG,2016-01-06,Wednesday,,NYK,98,MIA,90,-8,0,
0021500526,2015-16,REG,2016-01-06,Wednesday,,IND,95,ORL,86,-9,0,
0021500527,2015-16,REG,2016-01-06,Wednesday,,CLE,121,WAS,115,-6,0,
0021500528,2015-16,REG,2016-01-06,Wednesday,,DET,99,BOS,94,-5,0,
0021500529,2015-16,REG,2016-01-06,Wednesday,,TOR,91,BKN,74,-17,0,
0021500530,2015-16,REG,2016-01-06,Wednesday,,DEN,78,MIN,74,-4,0,
0021500531,2015-16,REG,2016-01-06,Wednesday,,DAL,100,NOP,91,-9,0,
0021500532,2015-16,REG,2016-01-06,Wednesday,,UTA,98,SAS,123,25,0,
0021500533,2015-16,REG,2016-01-06,Wednesday,,CHA,102,PHX,111,9,0,
0021500534,2015-16,REG,2016-01-06,Wednesday,,MEM,94,OKC,112,18,0,
0021500535,2015-16,REG,2016-01-06,Wednesday,,LAC,109,POR,98,-11,0,
0021500536,2015-16,REG,2016-01-07,Thursday,,ATL,126,PHI,98,-28,0,
0021500537,2015-16,REG,2016-01-07,Thursday,,BOS,92,CHI,101,9,0,
0021500538,2015-16,REG,2016-01-07,Thursday,,UTA,94,HOU,103,9,0,
0021500539,2015-16,REG,2016-01-07,Thursday,,LAL,115,SAC,118,3,0,
0021500540,2015-16,REG,2016-01-08,Friday,,TOR,97,WAS,88,-9,0,
0021500541,2015-16,REG,2016-01-08,Friday,,ORL,83,BKN,77,-6,0,
0021500542,2015-16,REG,2016-01-08,Friday,,DEN,84,MEM,91,7,0,
0021500543,2015-16,REG,2016-01-08,Friday,,CLE,125,MIN,99,-26,0,
0021500544,2015-16,REG,2016-01-08,Friday,,IND,91,NOP,86,-5,0,
0021500545,2015-16,REG,2016-01-08,Friday,,DAL,95,MIL,96,1,0,
0021500546,2015-16,REG,2016-01-08,Friday,,NYK,99,SAS,100,1,0,
0021500547,2015-16,REG,2016-01-08,Friday,,MIA,103,PHX,95,-8,0,
0021500548,2015-16,REG,2016-01-08,Friday,,GSW,128,POR,108,-20,0,
0021500549,2015-16,REG,2016-01-08,Friday,,OKC,117,LAL,113,-4,0,
0021500550,2015-16,REG,2016-01-09,Saturday,,CHA,83,LAC,97,14,0,
0021500551,2015-16,REG,2016-01-09,Saturday,,CHI,105,ATL,120,15,0,
0021500552,2015-16,REG,2016-01-09,Saturday,,WAS,105,ORL,99,-6,0,
0021500553,2015-16,REG,2016-01-09,Saturday,,BKN,89,DET,103,14,0,
0021500554,2015-16,REG,2016-01-09,Saturday,,TOR,108,PHI,95,-13,0,
0021500555,2015-16,REG,2016-01-09,Saturday,,MIA,83,UTA,98,15,0,
0021500556,2015-16,REG,2016-01-09,Saturday,,GSW,128,SAC,116,-12,0,
0021500557,2015-16,REG,2016-01-10,Sunday,,DAL,93,MIN,87,-6,0,
0021500558,2015-16,REG,2016-01-10,Sunday,,NOP,111,LAC,114,3,0,
0021500559,2015-16,REG,2016-01-10,Sunday,,CLE,95,PHI,85,-10,0,
0021500560,2015-16,REG,2016-01-10,Sunday,,BOS,98,MEM,101,3,0,
0021500561,2015-16,REG,2016-01-10,Sunday,,IND,103,HOU,107,4,0,
0021500562,2015-16,REG,2016-01-10,Sunday,,MIL,88,NYK,100,12,0,
0021500563,2015-16,REG,2016-01-10,Sunday,,CHA,92,DEN,95,3,0,
0021500564,2015-16,REG,2016-01-10,Sunday,,OKC,110,POR,115,5,0,
0021500565,2015-16,REG,2016-01-10,Sunday,,UTA,86,LAL,74,-12,0,
0021500566,2015-16,REG,2016-01-11,Monday,,SAS,106,BKN,79,-27,0,
0021500567,2015-16,REG,2016-01-11,Monday,,WAS,114,CHI,100,-14,0,
0021500568,2015-16,REG,2016-01-11,Monday,,MIA,103,GSW,111,8,0,
0021500569,2015-16,REG,2016-01-12,Tuesday,,PHX,97,IND,116,19,0,
0021500570,2015-16,REG,2016-01-12,Tuesday,,SAS,109,DET,99,-10,0,
0021500571,2015-16,REG,2016-01-12,Tuesday,,BOS,114,NYK,120,6,0,
0021500572,2015-16,REG,2016-01-12,Tuesday,,HOU,107,MEM,91,-16,0,
0021500573,2015-16,REG,2016-01-12,Tuesday,,CHI,101,MIL,106,5,0,
0021500574,2015-16,REG,2016-01-12,Tuesday,,OKC,101,MIN,96,-5,0,
0021500575,2015-16,REG,2016-01-12,Tuesday,,CLE,110,DAL,107,-3,0,
0021500576,2015-16,REG,2016-01-12,Tuesday,,NOP,91,LAL,95,4,0,
0021500577,2015-16,REG,2016-01-13,Wednesday,,ATL,84,CHA,107,23,0,
0021500578,2015-16,REG,2016-01-13,Wednesday,,MIL,101,WAS,106,5,0,
0021500579,2015-16,REG,2016-01-13,Wednesday,,NYK,104,BKN,110,6,0,
0021500580,2015-16,REG,2016-01-13,Wednesday,,IND,94,BOS,103,9,0,
0021500581,2015-16,REG,2016-01-13,Wednesday,,MIN,104,HOU,107,3,0,
0021500582,2015-16,REG,2016-01-13,Wednesday,,DAL,89,OKC,108,19,0,
0021500583,2015-16,REG,2016-01-13,Wednesday,,GSW,110,DEN,112,2,0,
0021500584,2015-16,REG,2016-01-13,Wednesday,,UTA,85,POR,99,14,0,
0021500585,2015-16,REG,2016-01-13,Wednesday,,NOP,109,SAC,97,-12,0,
0021500586,2015-16,REG,2016-01-13,Wednesday,,MIA,90,LAC,104,14,0,
0021500587,2015-16,REG,2016-01-14,Thursday,,CHI,115,PHI,111,-4,0,
0021500588,2015-16,REG,2016-01-14,Thursday,,TOR,106,ORL,103,-3,0,
0021500589,2015-16,REG,2016-01-14,Thursday,,DET,101,MEM,103,2,0,
0021500590,2015-16,REG,2016-01-14,Thursday,,CLE,95,SAS,99,4,0,
0021500591,2015-16,REG,2016-01-14,Thursday,,SAC,103,UTA,101,-2,0,
0021500592,2015-16,REG,2016-01-14,Thursday,,LAL,98,GSW,116,18,0,
0021500593,2015-16,REG,2016-01-15,Friday,,WAS,118,IND,104,-14,0,
0021500594,2015-16,REG,2016-01-15,Friday,,MIN,93,OKC,113,20,0,
0021500595,2015-16,REG,2016-01-15,Friday,,PHX,103,BOS,117,14,0,
0021500596,2015-16,REG,2016-01-15,Friday,,POR,116,BKN,104,-12,0,
0021500597,2015-16,REG,2016-01-15,Friday,,DAL,83,CHI,77,-6,0,
0021500598,2015-16,REG,2016-01-15,Friday,,CHA,107,NOP,109,2,0,
0021500599,2015-16,REG,2016-01-15,Friday,,ATL,101,MIL,108,7,0,
0021500600,2015-16,REG,2016-01-15,Friday,,MIA,98,DEN,95,-3,0,
0021500601,2015-16,REG,2016-01-15,Friday,,CLE,91,HOU,77,-14,0,
0021500602,2015-16,REG,2016-01-16,Saturday,,BKN,86,ATL,114,28,0,
0021500603,2015-16,REG,2016-01-16,Saturday,,MIL,105,CHA,92,-13,0,
0021500604,2015-16,REG,2016-01-16,Saturday,,BOS,119,WAS,117,-2,0,
0021500605,2015-16,REG,2016-01-16,Saturday,,GSW,95,DET,113,18,0,
0021500606,2015-16,REG,2016-01-16,Saturday,,POR,89,PHI,114,25,0,
0021500607,2015-16,REG,2016-01-16,Saturday,,NYK,95,MEM,103,8,0,
0021500608,2015-16,REG,2016-01-16,Saturday,,LAL,82,UTA,109,27,0,
0021500609,2015-16,REG,2016-01-16,Saturday,,SAC,110,LAC,103,-7,0,
0021500610,2015-16,REG,2016-01-17,Sunday,,PHX,87,MIN,117,30,0,
0021500611,2015-16,REG,2016-01-17,Sunday,,MIA,74,OKC,99,25,0,
0021500612,2015-16,REG,2016-01-17,Sunday,,DAL,83,SAS,112,29,0,
0021500613,2015-16,REG,2016-01-17,Sunday,,IND,126,DEN,129,3,0,
0021500614,2015-16,REG,2016-01-17,Sunday,,HOU,112,LAL,95,-17,0,
0021500615,2015-16,REG,2016-01-18,Monday,,PHI,113,NYK,119,6,0,
0021500616,2015-16,REG,2016-01-18,Monday,,UTA,119,CHA,124,5,0,
0021500617,2015-16,REG,2016-01-18,Monday,,POR,108,WAS,98,-10,0,
0021500618,2015-16,REG,2016-01-18,Monday,,NOP,99,MEM,101,2,0,
0021500619,2015-16,REG,2016-01-18,Monday,,CHI,111,DET,101,-10,0,
0021500620,2015-16,REG,2016-01-18,Monday,,ORL,81,ATL,98,17,0,
0021500621,2015-16,REG,2016-01-18,Monday,,BKN,100,TOR,112,12,0,
0021500622,2015-16,REG,2016-01-18,Monday,,GSW,132,CLE,98,-34,0,
0021500623,2015-16,REG,2016-01-18,Monday,,BOS,113,DAL,118,5,0,
0021500624,2015-16,REG,2016-01-18,Monday,,HOU,132,LAC,140,8,0,
0021500625,2015-16,REG,2016-01-19,Tuesday,,MIL,91,MIA,79,-12,0,
0021500626,2015-16,REG,2016-01-19,Tuesday,,MIN,99,NOP,114,15,0,
0021500627,2015-16,REG,2016-01-19,Tuesday,,OKC,110,DEN,104,-6,0,
0021500628,2015-16,REG,2016-01-19,Tuesday,,IND,97,PHX,94,-3,0,
0021500629,2015-16,REG,2016-01-20,Wednesday,,PHI,96,ORL,87,-9,0,
0021500630,2015-16,REG,2016-01-20,Wednesday,,MIA,87,WAS,106,19,0,
0021500631,2015-16,REG,2016-01-20,Wednesday,,CLE,91,BKN,78,-13,0,
0021500632,2015-16,REG,2016-01-20,Wednesday,,UTA,111,NYK,118,7,0,
0021500633,2015-16,REG,2016-01-20,Wednesday,,BOS,109,TOR,115,6,0,
0021500634,2015-16,REG,2016-01-20,Wednesday,,GSW,125,CHI,94,-31,0,
0021500635,2015-16,REG,2016-01-20,Wednesday,,DET,123,HOU,114,-9,0,
0021500636,2015-16,REG,2016-01-20,Wednesday,,CHA,95,OKC,109,14,0,
0021500637,2015-16,REG,2016-01-20,Wednesday,,MIN,94,DAL,106,12,0,
0021500638,2015-16,REG,2016-01-20,Wednesday,,SAC,112,LAL,93,-19,0,
0021500639,2015-16,REG,2016-01-20,Wednesday,,ATL,104,POR,98,-6,0,
0021500640,2015-16,REG,2016-01-21,Thursday,,LAC,102,CLE,115,13,0,
0021500641,2015-16,REG,2016-01-21,Thursday,,DET,99,NOP,115,16,0,
0021500642,2015-16,REG,2016-01-21,Thursday,,MEM,102,DEN,101,-1,0,
0021500643,2015-16,REG,2016-01-21,Thursday,,ATL,88,SAC,91,3,0,
0021500644,2015-16,REG,2016-01-21,Thursday,,SAS,117,PHX,89,-28,0,
0021500645,2015-16,REG,2016-01-22,Friday,,CHA,120,ORL,116,-4,0,
0021500646,2015-16,REG,2016-01-22,Friday,,CHI,101,BOS,110,9,0,
0021500647,2015-16,REG,2016-01-22,Friday,,UTA,108,BKN,86,-22,0,
0021500648,2015-16,REG,2016-01-22,Friday,,LAC,116,NYK,88,-28,0,
0021500649,2015-16,REG,2016-01-22,Friday,,MIA,81,TOR,101,20,0,
0021500650,2015-16,REG,2016-01-22,Friday,,MIL,98,HOU,102,4,0,
0021500651,2015-16,REG,2016-01-22,Friday,,OKC,109,DAL,106,-3,0,
0021500652,2015-16,REG,2016-01-22,Friday,,IND,110,GSW,122,12,0,
0021500653,2015-16,REG,2016-01-22,Friday,,SAS,108,LAL,95,-13,0,
0021500655,2015-16,REG,2016-01-23,Saturday,,NYK,84,CHA,97,13,0,
0021500657,2015-16,REG,2016-01-23,Saturday,,MIL,99,NOP,116,17,0,
0021500658,2015-16,REG,2016-01-23,Saturday,,MEM,101,MIN,106,5,0,
0021500659,2015-16,REG,2016-01-23,Saturday,,CHI,96,CLE,83,-13,0,
0021500660,2015-16,REG,2016-01-23,Saturday,,ATL,95,PHX,98,3,0,
0021500661,2015-16,REG,2016-01-23,Saturday,,DET,101,DEN,104,3,0,
0021500662,2015-16,REG,2016-01-23,Saturday,,LAL,103,POR,121,18,0,
0021500663,2015-16,REG,2016-01-23,Saturday,,IND,97,SAC,108,11,0,
0021500656,2015-16,REG,2016-01-24,Sunday,,BOS,112,PHI,92,-20,0,
0021500664,2015-16,REG,2016-01-24,Sunday,,OKC,106,BKN,116,10,0,
0021500665,2015-16,REG,2016-01-24,Sunday,,DAL,104,HOU,115,11,0,
0021500666,2015-16,REG,2016-01-24,Sunday,,LAC,94,TOR,112,18,0,
0021500667,2015-16,REG,2016-01-25,Monday,,MIN,107,CLE,114,7,0,
0021500668,2015-16,REG,2016-01-25,Monday,,BOS,116,WAS,91,-25,0,
0021500669,2015-16,REG,2016-01-25,Monday,,MIA,89,CHI,84,-5,0,
0021500670,2015-16,REG,2016-01-25,Monday,,ORL,102,MEM,108,6,0,
0021500671,2015-16,REG,2016-01-25,Monday,,HOU,112,NOP,111,-1,0,
0021500672,2015-16,REG,2016-01-25,Monday,,ATL,119,DEN,105,-14,0,
0021500673,2015-16,REG,2016-01-25,Monday,,DET,95,UTA,92,-3,0,
0021500674,2015-16,REG,2016-01-25,Monday,,CHA,129,SAC,128,-1,0,
0021500675,2015-16,REG,2016-01-25,Monday,,SAS,90,GSW,120,30,0,
0021500676,2015-16,REG,2016-01-26,Tuesday,,LAC,91,IND,89,-2,0,
0021500677,2015-16,REG,2016-01-26,Tuesday,,PHX,103,PHI,113,10,0,
0021500678,2015-16,REG,2016-01-26,Tuesday,,MIA,102,BKN,98,-4,0,
0021500679,2015-16,REG,2016-01-26,Tuesday,,OKC,128,NYK,122,-6,0,
0021500680,2015-16,REG,2016-01-26,Tuesday,,WAS,89,TOR,106,17,0,
0021500681,2015-16,REG,2016-01-26,Tuesday,,ORL,100,MIL,107,7,0,
0021500682,2015-16,REG,2016-01-26,Tuesday,,SAC,97,POR,112,15,0,
0021500683,2015-16,REG,2016-01-26,Tuesday,,DAL,92,LAL,90,-2,0,
0021500684,2015-16,REG,2016-01-27,Wednesday,,PHX,93,CLE,115,22,0,
0021500685,2015-16,REG,2016-01-27,Wednesday,,DEN,103,BOS,111,8,0,
0021500686,2015-16,REG,2016-01-27,Wednesday,,PHI,97,DET,110,13,0,
0021500687,2015-16,REG,2016-01-27,Wednesday,,LAC,85,ATL,83,-2,0,
0021500688,2015-16,REG,2016-01-27,Wednesday,,OKC,126,MIN,123,-3,0,
0021500689,2015-16,REG,2016-01-27,Wednesday,,HOU,99,SAS,130,31,0,
0021500690,2015-16,REG,2016-01-27,Wednesday,,CHA,73,UTA,102,29,0,
0021500691,2015-16,REG,2016-01-27,Wednesday,,DAL,107,GSW,127,20,0,
0021500692,2015-16,REG,2016-01-28,Thursday,,ATL,92,IND,111,19,0,
0021500693,2015-16,REG,2016-01-28,Thursday,,DEN,117,WAS,113,-4,0,
0021500694,2015-16,REG,2016-01-28,Thursday,,NYK,93,TOR,103,10,0,
0021500695,2015-16,REG,2016-01-28,Thursday,,MIL,83,MEM,103,20,0,
0021500696,2015-16,REG,2016-01-28,Thursday,,SAC,105,NOP,114,9,0,
0021500697,2015-16,REG,2016-01-28,Thursday,,CHI,114,LAL,91,-23,0,
0021500698,2015-16,REG,2016-01-29,Friday,,ORL,94,BOS,113,19,0,
0021500699,2015-16,REG,2016-01-29,Friday,,CLE,114,DET,106,-8,0,
0021500700,2015-16,REG,2016-01-29,Friday,,PHX,84,NYK,102,18,0,
0021500701,2015-16,REG,2016-01-29,Friday,,HOU,108,OKC,116,8,0,
0021500702,2015-16,REG,2016-01-29,Friday,,BKN,79,DAL,91,12,0,
0021500703,2015-16,REG,2016-01-29,Friday,,MIA,107,MIL,103,-4,0,
0021500704,2015-16,REG,2016-01-29,Friday,,MIN,90,UTA,103,13,0,
0021500705,2015-16,REG,2016-01-29,Friday,,CHA,91,POR,109,18,0,
0021500706,2015-16,REG,2016-01-29,Friday,,LAL,93,LAC,105,12,0,
0021500707,2015-16,REG,2016-01-30,Saturday,,GSW,108,PHI,105,-3,0,
0021500708,2015-16,REG,2016-01-30,Saturday,,DET,107,TOR,111,4,0,
0021500709,2015-16,REG,2016-01-30,Saturday,,DEN,105,IND,109,4,0,
0021500710,2015-16,REG,2016-01-30,Saturday,,BKN,103,NOP,105,2,0,
0021500711,2015-16,REG,2016-01-30,Saturday,,WAS,123,HOU,122,-1,0,
0021500712,2015-16,REG,2016-01-30,Saturday,,SAC,117,MEM,121,4,0,
0021500713,2015-16,REG,2016-01-30,Saturday,,SAS,103,CLE,117,14,0,
0021500714,2015-16,REG,2016-01-31,Sunday,,CHI,93,LAC,120,27,0,
0021500715,2015-16,REG,2016-01-31,Sunday,,ATL,87,MIA,105,18,0,
0021500716,2015-16,REG,2016-01-31,Sunday,,BOS,114,ORL,119,5,0,
0021500717,2015-16,REG,2016-01-31,Sunday,,PHX,78,DAL,91,13,0,
0021500718,2015-16,REG,2016-01-31,Sunday,,GSW,116,NYK,95,-21,0,
0021500719,2015-16,REG,2016-01-31,Sunday,,MIN,93,POR,96,3,0,
0021500720,2015-16,REG,2016-01-31,Sunday,,CHA,101,LAL,82,-19,0,
0021500721,2015-16,REG,2016-02-01,Monday,,CLE,111,IND,106,-5,0,
0021500722,2015-16,REG,2016-02-01,Monday,,DET,105,BKN,100,-5,0,
0021500723,2015-16,REG,2016-02-01,Monday,,DAL,97,ATL,112,15,0,
0021500724,2015-16,REG,2016-02-01,Monday,,MEM,110,NOP,95,-15,0,
0021500725,2015-16,REG,2016-02-01,Monday,,WAS,98,OKC,114,16,0,
0021500726,2015-16,REG,2016-02-01,Monday,,ORL,92,SAS,107,15,0,
0021500727,2015-16,REG,2016-02-01,Monday,,TOR,93,DEN,112,19,0,
0021500728,2015-16,REG,2016-02-01,Monday,,CHI,96,UTA,105,9,0,
0021500729,2015-16,REG,2016-02-01,Monday,,MIL,104,SAC,111,7,0,
0021500730,2015-16,REG,2016-02-02,Tuesday,,BOS,97,NYK,89,-8,0,
0021500731,2015-16,REG,2016-02-02,Tuesday,,MIA,102,HOU,115,13,0,
0021500732,2015-16,REG,2016-02-02,Tuesday,,TOR,104,PHX,97,-7,0,
0021500733,2015-16,REG,2016-02-02,Tuesday,,MIL,95,POR,107,12,0,
0021500734,2015-16,REG,2016-02-02,Tuesday,,MIN,115,LAL,119,4,0,
0021500735,2015-16,REG,2016-02-03,Wednesday,,CLE,97,CHA,106,9,0,
0021500736,2015-16,REG,2016-02-03,Wednesday,,ATL,124,PHI,86,-38,0,
0021500737,2015-16,REG,2016-02-03,Wednesday,,DET,95,BOS,102,7,0,
0021500738,2015-16,REG,2016-02-03,Wednesday,,IND,114,BKN,100,-14,0,
0021500739,2015-16,REG,2016-02-03,Wednesday,,GSW,134,WAS,121,-13,0,
0021500740,2015-16,REG,2016-02-03,Wednesday,,ORL,114,OKC,117,3,0,
0021500741,2015-16,REG,2016-02-03,Wednesday,,MIA,93,DAL,90,-3,0,
0021500742,2015-16,REG,2016-02-03,Wednesday,,NOP,97,SAS,110,13,0,
0021500743,2015-16,REG,2016-02-03,Wednesday,,DEN,81,UTA,85,4,0,
0021500744,2015-16,REG,2016-02-03,Wednesday,,CHI,107,SAC,102,-5,0,
0021500745,2015-16,REG,2016-02-03,Wednesday,,MIN,108,LAC,102,-6,0,
0021500746,2015-16,REG,2016-02-04,Thursday,,NYK,105,DET,111,6,0,
0021500747,2015-16,REG,2016-02-04,Thursday,,LAL,99,NOP,96,-3,0,
0021500748,2015-16,REG,2016-02-04,Thursday,,TOR,110,POR,103,-7,0,
0021500749,2015-16,REG,2016-02-04,Thursday,,HOU,111,PHX,105,-6,0,
0021500750,2015-16,REG,2016-02-05,Friday,,IND,96,ATL,102,6,0,
0021500751,2015-16,REG,2016-02-05,Friday,,MIA,98,CHA,95,-3,0,
0021500752,2015-16,REG,2016-02-05,Friday,,LAC,107,ORL,93,-14,0,
0021500753,2015-16,REG,2016-02-05,Friday,,PHI,94,WAS,106,12,0,
0021500754,2015-16,REG,2016-02-05,Friday,,SAC,119,BKN,128,9,0,
0021500755,2015-16,REG,2016-02-05,Friday,,BOS,104,CLE,103,-1,0,
0021500756,2015-16,REG,2016-02-05,Friday,,MEM,91,NYK,85,-6,0,
0021500757,2015-16,REG,2016-02-05,Friday,,CHI,110,DEN,115,5,0,
0021500758,2015-16,REG,2016-02-05,Friday,,MIL,81,UTA,84,3,0,
0021500759,2015-16,REG,2016-02-05,Friday,,SAS,116,DAL,90,-26,0,
0021500760,2015-16,REG,2016-02-06,Saturday,,POR,96,HOU,79,-17,0,
0021500761,2015-16,REG,2016-02-06,Saturday,,WAS,104,CHA,108,4,0,
0021500762,2015-16,REG,2016-02-06,Saturday,,DET,104,IND,112,8,0,
0021500763,2015-16,REG,2016-02-06,Saturday,,NOP,84,CLE,99,15,0,
0021500764,2015-16,REG,2016-02-06,Saturday,,BKN,98,PHI,103,5,0,
0021500765,2015-16,REG,2016-02-06,Saturday,,DAL,114,MEM,110,-4,0,
0021500766,2015-16,REG,2016-02-06,Saturday,,CHI,105,MIN,112,7,0,
0021500767,2015-16,REG,2016-02-06,Saturday,,LAL,102,SAS,106,4,0,
0021500768,2015-16,REG,2016-02-06,Saturday,,UTA,98,PHX,89,-9,0,
0021500769,2015-16,REG,2016-02-06,Saturday,,OKC,108,GSW,116,8,0,
0021500770,2015-16,REG,2016-02-07,Sunday,,DEN,101,NYK,96,-5,0,
0021500771,2015-16,REG,2016-02-07,Sunday,,ATL,94,ORL,96,2,0,
0021500772,2015-16,REG,2016-02-07,Sunday,,LAC,100,MIA,93,-7,0,
0021500773,2015-16,REG,2016-02-07,Sunday,,SAC,119,BOS,128,9,0,
0021500774,2015-16,REG,2016-02-08,Monday,,CHI,91,CHA,108,17,0,
0021500775,2015-16,REG,2016-02-08,Monday,,SAC,100,CLE,120,20,0,
0021500776,2015-16,REG,2016-02-08,Monday,,LAL,87,IND,89,2,0,
0021500777,2015-16,REG,2016-02-08,Monday,,LAC,98,PHI,92,-6,0,
0021500778,2015-16,REG,2016-02-08,Monday,,DEN,104,BKN,105,1,0,
0021500779,2015-16,REG,2016-02-08,Monday,,TOR,103,DET,89,-14,0,
0021500780,2015-16,REG,2016-02-08,Monday,,ORL,117,ATL,110,-7,0,
0021500781,2015-16,REG,2016-02-08,Monday,,POR,112,MEM,106,-6,0,
0021500782,2015-16,REG,2016-02-08,Monday,,NOP,116,MIN,102,-14,0,
0021500783,2015-16,REG,2016-02-08,Monday,,OKC,122,PHX,106,-16,0,
0021500784,2015-16,REG,2016-02-09,Tuesday,,SAS,119,MIA,101,-18,0,
0021500785,2015-16,REG,2016-02-09,Tuesday,,WAS,111,NYK,108,-3,0,
0021500786,2015-16,REG,2016-02-09,Tuesday,,BOS,111,MIL,112,1,0,
0021500787,2015-16,REG,2016-02-09,Tuesday,,UTA,121,DAL,119,-2,0,
0021500788,2015-16,REG,2016-02-09,Tuesday,,HOU,110,GSW,123,13,0,
0021500789,2015-16,REG,2016-02-10,Wednesday,,CHA,117,IND,95,-22,0,
0021500790,2015-16,REG,2016-02-10,Wednesday,,SAS,98,ORL,96,-2,0,
0021500791,2015-16,REG,2016-02-10,Wednesday,,SAC,114,PHI,110,-4,0,
0021500792,2015-16,REG,2016-02-10,Wednesday,,LAC,134,BOS,139,5,0,
0021500793,2015-16,REG,2016-02-10,Wednesday,,MEM,109,BKN,90,-19,0,
0021500794,2015-16,REG,2016-02-10,Wednesday,,DEN,103,DET,92,-11,0,
0021500795,2015-16,REG,2016-02-10,Wednesday,,LAL,111,CLE,120,9,0,
0021500796,2015-16,REG,2016-02-10,Wednesday,,ATL,113,CHI,90,-23,0,
0021500797,2015-16,REG,2016-02-10,Wednesday,,TOR,112,MIN,117,5,0,
0021500798,2015-16,REG,2016-02-10,Wednesday,,UTA,96,NOP,100,4,0,
0021500799,2015-16,REG,2016-02-10,Wednesday,,GSW,112,PHX,104,-8,0,
0021500800,2015-16,REG,2016-02-10,Wednesday,,HOU,103,POR,116,13,0,
0021500801,2015-16,REG,2016-02-11,Thursday,,WAS,92,MIL,99,7,0,
0021500802,2015-16,REG,2016-02-11,Thursday,,NOP,95,OKC,121,26,0,
0021500654,2015-16,REG,2016-02-18,Thursday,,UTA,89,WAS,103,14,0,
0021500803,2015-16,REG,2016-02-18,Thursday,,CHI,95,CLE,106,11,0,
0021500804,2015-16,REG,2016-02-18,Thursday,,SAS,86,LAC,105,19,0,
0021500805,2015-16,REG,2016-02-19,Friday,,DAL,104,ORL,110,6,0,
0021500806,2015-16,REG,2016-02-19,Friday,,DET,86,WAS,98,12,0,
0021500807,2015-16,REG,2016-02-19,Friday,,NYK,98,BKN,109,11,0,
0021500808,2015-16,REG,2016-02-19,Friday,,MIA,115,ATL,111,-4,0,
0021500809,2015-16,REG,2016-02-19,Friday,,TOR,106,CHI,116,10,0,
0021500810,2015-16,REG,2016-02-19,Friday,,MIN,104,MEM,109,5,0,
0021500811,2015-16,REG,2016-02-19,Friday,,PHI,114,NOP,121,7,0,
0021500812,2015-16,REG,2016-02-19,Friday,,IND,101,OKC,98,-3,0,
0021500813,2015-16,REG,2016-02-19,Friday,,CHA,98,MIL,95,-3,0,
0021500814,2015-16,REG,2016-02-19,Friday,,HOU,116,PHX,100,-16,0,
0021500815,2015-16,REG,2016-02-19,Friday,,GSW,105,POR,137,32,0,
0021500816,2015-16,REG,2016-02-19,Friday,,DEN,110,SAC,116,6,0,
0021500817,2015-16,REG,2016-02-19,Friday,,BOS,93,UTA,111,18,0,
0021500818,2015-16,REG,2016-02-19,Friday,,SAS,119,LAL,113,-6,0,
0021500819,2015-16,REG,2016-02-20,Saturday,,MIL,117,ATL,109,-8,0,
0021500820,2015-16,REG,2016-02-20,Saturday,,WAS,94,MIA,114,20,0,
0021500821,2015-16,REG,2016-02-20,Saturday,,NYK,103,MIN,95,-8,0,
0021500822,2015-16,REG,2016-02-20,Saturday,,GSW,115,LAC,112,-3,0,
0021500823,2015-16,REG,2016-02-21,Sunday,,NOP,111,DET,106,-5,0,
0021500824,2015-16,REG,2016-02-21,Sunday,,CLE,115,OKC,92,-23,0,
0021500825,2015-16,REG,2016-02-21,Sunday,,BOS,121,DEN,101,-20,0,
0021500826,2015-16,REG,2016-02-21,Sunday,,SAS,118,PHX,111,-7,0,
0021500827,2015-16,REG,2016-02-21,Sunday,,CHA,104,BKN,96,-8,0,
0021500828,2015-16,REG,2016-02-21,Sunday,,IND,105,ORL,102,-3,0,
0021500829,2015-16,REG,2016-02-21,Sunday,,MEM,85,TOR,98,13,0,
0021500830,2015-16,REG,2016-02-21,Sunday,,PHI,103,DAL,129,26,0,
0021500831,2015-16,REG,2016-02-21,Sunday,,LAL,115,CHI,126,11,0,
0021500832,2015-16,REG,2016-02-21,Sunday,,UTA,111,POR,115,4,0,
0021500833,2015-16,REG,2016-02-22,Monday,,DET,96,CLE,88,-8,0,
0021500834,2015-16,REG,2016-02-22,Monday,,IND,93,MIA,101,8,0,
0021500835,2015-16,REG,2016-02-22,Monday,,TOR,122,NYK,95,-27,0,
0021500836,2015-16,REG,2016-02-22,Monday,,GSW,102,ATL,92,-10,0,
0021500837,2015-16,REG,2016-02-22,Monday,,LAL,101,MIL,108,7,0,
0021500838,2015-16,REG,2016-02-22,Monday,,BOS,122,MIN,124,2,0,
0021500839,2015-16,REG,2016-02-22,Monday,,PHX,84,LAC,124,40,0,
0021500840,2015-16,REG,2016-02-23,Tuesday,,ORL,124,PHI,115,-9,0,
0021500841,2015-16,REG,2016-02-23,Tuesday,,NOP,89,WAS,109,20,0,
0021500842,2015-16,REG,2016-02-23,Tuesday,,SAC,114,DEN,110,-4,0,
0021500843,2015-16,REG,2016-02-23,Tuesday,,HOU,114,UTA,117,3,0,
0021500844,2015-16,REG,2016-02-23,Tuesday,,BKN,104,POR,112,8,0,
0021500845,2015-16,REG,2016-02-24,Wednesday,,CHA,103,CLE,114,11,0,
0021500846,2015-16,REG,2016-02-24,Wednesday,,NYK,105,IND,108,3,0,
0021500847,2015-16,REG,2016-02-24,Wednesday,,PHI,91,DET,111,20,0,
0021500848,2015-16,REG,2016-02-24,Wednesday,,GSW,118,MIA,112,-6,0,
0021500849,2015-16,REG,2016-02-24,Wednesday,,MIN,105,TOR,114,9,0,
0021500850,2015-16,REG,2016-02-24,Wednesday,,WAS,104,CHI,109,5,0,
0021500851,2015-16,REG,2016-02-24,Wednesday,,LAL,119,MEM,128,9,0,
0021500852,2015-16,REG,2016-02-24,Wednesday,,OKC,116,DAL,103,-13,0,
0021500853,2015-16,REG,2016-02-24,Wednesday,,DEN,87,LAC,81,-6,0,
0021500854,2015-16,REG,2016-02-24,Wednesday,,SAS,108,SAC,92,-16,0,
0021500855,2015-16,REG,2016-02-25,Thursday,,GSW,130,ORL,114,-16,0,
0021500856,2015-16,REG,2016-02-25,Thursday,,MIL,107,BOS,112,5,0,
0021500857,2015-16,REG,2016-02-25,Thursday,,OKC,119,NOP,123,4,0,
0021500858,2015-16,REG,2016-02-25,Thursday,,BKN,116,PHX,106,-10,0,
0021500859,2015-16,REG,2016-02-25,Thursday,,HOU,119,POR,105,-14,0,
0021500860,2015-16,REG,2016-02-25,Thursday,,SAS,96,UTA,78,-18,0,
0021500861,2015-16,REG,2016-02-26,Friday,,CHA,96,IND,95,-1,0,
0021500862,2015-16,REG,2016-02-26,Friday,,WAS,103,PHI,94,-9,0,
0021500863,2015-16,REG,2016-02-26,Friday,,ORL,95,NYK,108,13,0,
0021500864,2015-16,REG,2016-02-26,Friday,,CLE,97,TOR,99,2,0,
0021500865,2015-16,REG,2016-02-26,Friday,,CHI,88,ATL,103,15,0,
0021500866,2015-16,REG,2016-02-26,Friday,,DEN,116,DAL,122,6,0,
0021500867,2015-16,REG,2016-02-26,Friday,,LAC,117,SAC,107,-10,0,
0021500868,2015-16,REG,2016-02-26,Friday,,MEM,112,LAL,95,-17,0,
0021500869,2015-16,REG,2016-02-27,Saturday,,MIA,89,BOS,101,12,0,
0021500870,2015-16,REG,2016-02-27,Saturday,,MIN,112,NOP,110,-2,0,
0021500871,2015-16,REG,2016-02-27,Saturday,,POR,103,CHI,95,-8,0,
0021500872,2015-16,REG,2016-02-27,Saturday,,SAS,104,HOU,94,-10,0,
0021500873,2015-16,REG,2016-02-27,Saturday,,DET,102,MIL,91,-11,0,
0021500874,2015-16,REG,2016-02-27,Saturday,,GSW,121,OKC,118,-3,0,
0021500875,2015-16,REG,2016-02-27,Saturday,,MEM,106,PHX,111,5,0,
0021500876,2015-16,REG,2016-02-27,Saturday,,BKN,98,UTA,96,-2,0,
0021500877,2015-16,REG,2016-02-28,Sunday,,CLE,99,WAS,113,14,0,
0021500878,2015-16,REG,2016-02-28,Sunday,,CHA,76,ATL,87,11,0,
0021500879,2015-16,REG,2016-02-28,Sunday,,TOR,101,DET,114,13,0,
0021500880,2015-16,REG,2016-02-28,Sunday,,POR,111,IND,102,-9,0,
0021500881,2015-16,REG,2016-02-28,Sunday,,PHI,116,ORL,130,14,0,
0021500882,2015-16,REG,2016-02-28,Sunday,,MIN,101,DAL,128,27,0,
0021500883,2015-16,REG,2016-02-28,Sunday,,MIA,98,NYK,81,-17,0,
0021500884,2015-16,REG,2016-02-29,Monday,,IND,96,CLE,100,4,0,
0021500885,2015-16,REG,2016-02-29,Monday,,PHI,108,WAS,116,8,0,
0021500886,2015-16,REG,2016-02-29,Monday,,UTA,95,BOS,100,5,0,
0021500887,2015-16,REG,2016-02-29,Monday,,HOU,121,MIL,128,7,0,
0021500888,2015-16,REG,2016-02-29,Monday,,MEM,103,DEN,96,-7,0,
0021500889,2015-16,REG,2016-02-29,Monday,,OKC,131,SAC,116,-15,0,
0021500890,2015-16,REG,2016-02-29,Monday,,BKN,95,LAC,105,10,0,
0021500891,2015-16,REG,2016-03-01,Tuesday,,PHX,92,CHA,126,34,0,
0021500892,2015-16,REG,2016-03-01,Tuesday,,CHI,111,MIA,129,18,0,
0021500893,2015-16,REG,2016-03-01,Tuesday,,POR,104,NYK,85,-19,0,
0021500894,2015-16,REG,2016-03-01,Tuesday,,ORL,108,DAL,121,13,0,
0021500895,2015-16,REG,2016-03-01,Tuesday,,ATL,105,GSW,109,4,0,
0021500896,2015-16,REG,2016-03-01,Tuesday,,BKN,101,LAL,107,6,0,
0021500897,2015-16,REG,2016-03-02,Wednesday,,CHI,89,ORL,102,13,0,
0021500898,2015-16,REG,2016-03-02,Wednesday,,CHA,119,PHI,99,-20,0,
0021500899,2015-16,REG,2016-03-02,Wednesday,,POR,93,BOS,116,23,0,
0021500900,2015-16,REG,2016-03-02,Wednesday,,UTA,94,TOR,104,10,0,
0021500901,2015-16,REG,2016-03-02,Wednesday,,NOP,95,HOU,100,5,0,
0021500902,2015-16,REG,2016-03-02,Wednesday,,SAC,98,MEM,104,6,0,
0021500903,2015-16,REG,2016-03-02,Wednesday,,IND,104,MIL,99,-5,0,
0021500904,2015-16,REG,2016-03-02,Wednesday,,WAS,104,MIN,98,-6,0,
0021500905,2015-16,REG,2016-03-02,Wednesday,,DET,81,SAS,97,16,0,
0021500906,2015-16,REG,2016-03-02,Wednesday,,LAL,107,DEN,117,10,0,
0021500907,2015-16,REG,2016-03-02,Wednesday,,OKC,98,LAC,103,5,0,
0021500908,2015-16,REG,2016-03-03,Thursday,,PHX,92,MIA,108,16,0,
0021500909,2015-16,REG,2016-03-03,Thursday,,SAS,94,NOP,86,-8,0,
0021500910,2015-16,REG,2016-03-03,Thursday,,SAC,104,DAL,101,-3,0,
0021500911,2015-16,REG,2016-03-03,Thursday,,OKC,106,GSW,121,15,0,
0021500912,2015-16,REG,2016-03-04,Friday,,IND,101,CHA,108,7,0,
0021500913,2015-16,REG,2016-03-04,Friday,,PHX,102,ORL,84,-18,0,
0021500914,2015-16,REG,2016-03-04,Friday,,MIA,112,PHI,102,-10,0,
0021500915,2015-16,REG,2016-03-04,Friday,,NYK,104,BOS,105,1,0,
0021500916,2015-16,REG,2016-03-04,Friday,,POR,115,TOR,117,2,0,
0021500917,2015-16,REG,2016-03-04,Friday,,WAS,83,CLE,108,25,0,
0021500918,2015-16,REG,2016-03-04,Friday,,UTA,88,MEM,94,6,0,
0021500919,2015-16,REG,2016-03-04,Friday,,MIN,101,MIL,116,15,0,
0021500920,2015-16,REG,2016-03-04,Friday,,BKN,121,DEN,120,-1,0,
0021500921,2015-16,REG,2016-03-04,Friday,,ATL,106,LAL,77,-29,0,
0021500922,2015-16,REG,2016-03-05,Saturday,,BOS,103,CLE,120,17,0,
0021500923,2015-16,REG,2016-03-05,Saturday,,DET,89,NYK,102,13,0,
0021500924,2015-16,REG,2016-03-05,Saturday,,IND,100,WAS,99,-1,0,
0021500925,2015-16,REG,2016-03-05,Saturday,,UTA,106,NOP,94,-12,0,
0021500926,2015-16,REG,2016-03-05,Saturday,,BKN,118,MIN,132,14,0,
0021500927,2015-16,REG,2016-03-05,Saturday,,HOU,100,CHI,108,8,0,
0021500928,2015-16,REG,2016-03-05,Saturday,,SAC,94,SAS,104,10,0,
0021500929,2015-16,REG,2016-03-05,Saturday,,ATL,107,LAC,97,-10,0,
0021500930,2015-16,REG,2016-03-06,Sunday,,OKC,104,MIL,96,-8,0,
0021500931,2015-16,REG,2016-03-06,Sunday,,GSW,95,LAL,112,17,0,
0021500932,2015-16,REG,2016-03-06,Sunday,,PHX,109,MEM,100,-9,0,
0021500933,2015-16,REG,2016-03-06,Sunday,,DAL,114,DEN,116,2,0,
0021500934,2015-16,REG,2016-03-06,Sunday,,POR,103,DET,123,20,0,
0021500935,2015-16,REG,2016-03-06,Sunday,,PHI,98,MIA,103,5,0,
0021500936,2015-16,REG,2016-03-06,Sunday,,HOU,113,TOR,107,-6,0,
0021500937,2015-16,REG,2016-03-07,Monday,,MIN,103,CHA,108,5,0,
0021500938,2015-16,REG,2016-03-07,Monday,,MEM,106,CLE,103,-3,0,
0021500939,2015-16,REG,2016-03-07,Monday,,SAS,91,IND,99,8,0,
0021500940,2015-16,REG,2016-03-07,Monday,,MIL,90,CHI,100,10,0,
0021500941,2015-16,REG,2016-03-07,Monday,,SAC,112,NOP,115,3,0,
0021500942,2015-16,REG,2016-03-07,Monday,,LAC,109,DAL,90,-19,0,
0021500943,2015-16,REG,2016-03-07,Monday,,ORL,113,GSW,119,6,0,
0021500944,2015-16,REG,2016-03-08,Tuesday,,BKN,99,TOR,104,5,0,
0021500945,2015-16,REG,2016-03-08,Tuesday,,SAS,116,MIN,91,-25,0,
0021500946,2015-16,REG,2016-03-08,Tuesday,,NYK,94,DEN,110,16,0,
0021500947,2015-16,REG,2016-03-08,Tuesday,,ATL,91,UTA,84,-7,0,
0021500948,2015-16,REG,2016-03-08,Tuesday,,WAS,109,POR,116,7,0,
0021500949,2015-16,REG,2016-03-08,Tuesday,,ORL,98,LAL,107,9,0,
0021500950,2015-16,REG,2016-03-09,Wednesday,,NOP,113,CHA,122,9,0,
0021500951,2015-16,REG,2016-03-09,Wednesday,,HOU,118,PHI,104,-14,0,
0021500952,2015-16,REG,2016-03-09,Wednesday,,MIA,108,MIL,114,6,0,
0021500953,2015-16,REG,2016-03-09,Wednesday,,MEM,96,BOS,116,20,0,
0021500954,2015-16,REG,2016-03-09,Wednesday,,DET,102,DAL,96,-6,0,
0021500955,2015-16,REG,2016-03-09,Wednesday,,LAC,108,OKC,120,12,0,
0021500956,2015-16,REG,2016-03-09,Wednesday,,NYK,128,PHX,97,-31,0,
0021500957,2015-16,REG,2016-03-09,Wednesday,,CLE,120,SAC,111,-9,0,
0021500958,2015-16,REG,2016-03-09,Wednesday,,UTA,94,GSW,115,21,0,
0021500959,2015-16,REG,2016-03-10,Thursday,,ATL,96,TOR,104,8,0,
0021500960,2015-16,REG,2016-03-10,Thursday,,CHI,101,SAS,109,8,0,
0021500961,2015-16,REG,2016-03-10,Thursday,,PHX,98,DEN,116,18,0,
0021500962,2015-16,REG,2016-03-10,Thursday,,CLE,120,LAL,108,-12,0,
0021500963,2015-16,REG,2016-03-11,Friday,,DET,103,CHA,118,15,0,
0021500964,2015-16,REG,2016-03-11,Friday,,BKN,89,PHI,95,6,0,
0021500965,2015-16,REG,2016-03-11,Friday,,HOU,102,BOS,98,-4,0,
0021500966,2015-16,REG,2016-03-11,Friday,,MIA,118,CHI,96,-22,0,
0021500967,2015-16,REG,2016-03-11,Friday,,NOP,114,MEM,121,7,0,
0021500968,2015-16,REG,2016-03-11,Friday,,MIN,99,OKC,96,-3,0,
0021500969,2015-16,REG,2016-03-11,Friday,,WAS,93,UTA,114,21,0,
0021500970,2015-16,REG,2016-03-11,Friday,,ORL,107,SAC,100,-7,0,
0021500971,2015-16,REG,2016-03-11,Friday,,POR,112,GSW,128,16,0,
0021500972,2015-16,REG,2016-03-11,Friday,,NYK,94,LAC,101,7,0,
0021500973,2015-16,REG,2016-03-12,Saturday,,IND,112,DAL,105,-7,0,
0021500974,2015-16,REG,2016-03-12,Saturday,,MEM,83,ATL,95,12,0,
0021500975,2015-16,REG,2016-03-12,Saturday,,HOU,109,CHA,125,16,0,
0021500976,2015-16,REG,2016-03-12,Saturday,,DET,125,PHI,111,-14,0,
0021500977,2015-16,REG,2016-03-12,Saturday,,MIA,104,TOR,112,8,0,
0021500978,2015-16,REG,2016-03-12,Saturday,,NOP,92,MIL,103,11,0,
0021500979,2015-16,REG,2016-03-12,Saturday,,OKC,85,SAS,93,8,0,
0021500980,2015-16,REG,2016-03-12,Saturday,,WAS,100,DEN,116,16,0,
0021500981,2015-16,REG,2016-03-12,Saturday,,PHX,116,GSW,123,7,0,
0021500982,2015-16,REG,2016-03-12,Saturday,,ORL,84,POR,121,37,0,
0021500983,2015-16,REG,2016-03-13,Sunday,,CLE,114,LAC,90,-24,0,
0021500984,2015-16,REG,2016-03-13,Sunday,,IND,75,ATL,104,29,0,
0021500985,2015-16,REG,2016-03-13,Sunday,,MIL,109,BKN,100,-9,0,
0021500986,2015-16,REG,2016-03-13,Sunday,,UTA,108,SAC,99,-9,0,
0021500987,2015-16,REG,2016-03-13,Sunday,,NYK,90,LAL,87,-3,0,
0021500988,2015-16,REG,2016-03-14,Monday,,DAL,107,CHA,96,-11,0,
0021500989,2015-16,REG,2016-03-14,Monday,,DET,81,WAS,124,43,0,
0021500990,2015-16,REG,2016-03-14,Monday,,DEN,119,MIA,124,5,0,
0021500991,2015-16,REG,2016-03-14,Monday,,CHI,109,TOR,107,-2,0,
0021500992,2015-16,REG,2016-03-14,Monday,,MEM,81,HOU,130,49,0,
0021500993,2015-16,REG,2016-03-14,Monday,,POR,94,OKC,128,34,0,
0021500994,2015-16,REG,2016-03-14,Monday,,CLE,85,UTA,94,9,0,
0021500995,2015-16,REG,2016-03-14,Monday,,MIN,104,PHX,107,3,0,
0021500996,2015-16,REG,2016-03-14,Monday,,NOP,107,GSW,125,18,0,
0021500997,2015-16,REG,2016-03-15,Tuesday,,BOS,98,IND,103,5,0,
0021500998,2015-16,REG,2016-03-15,Tuesday,,DEN,110,ORL,116,6,0,
0021500999,2015-16,REG,2016-03-15,Tuesday,,PHI,114,BKN,131,17,0,
0021501000,2015-16,REG,2016-03-15,Tuesday,,TOR,107,MIL,89,-18,0,
0021501001,2015-16,REG,2016-03-15,Tuesday,,LAC,87,SAS,108,21,0,
0021501002,2015-16,REG,2016-03-15,Tuesday,,SAC,106,LAL,98,-8,0,
0021501003,2015-16,REG,2016-03-16,Wednesday,,OKC,130,BOS,109,-21,0,
0021501004,2015-16,REG,2016-03-16,Wednesday,,ORL,99,CHA,107,8,0,
0021501005,2015-16,REG,2016-03-16,Wednesday,,DAL,98,CLE,99,1,0,
0021501006,2015-16,REG,2016-03-16,Wednesday,,CHI,96,WAS,117,21,0,
0021501007,2015-16,REG,2016-03-16,Wednesday,,ATL,118,DET,114,-4,0,
0021501008,2015-16,REG,2016-03-16,Wednesday,,MIN,114,MEM,108,-6,0,
0021501009,2015-16,REG,2016-03-16,Wednesday,,LAC,122,HOU,106,-16,0,
0021501010,2015-16,REG,2016-03-16,Wednesday,,NOP,123,SAC,108,-15,0,
0021501011,2015-16,REG,2016-03-16,Wednesday,,NYK,85,GSW,121,36,0,
0021501012,2015-16,REG,2016-03-17,Thursday,,TOR,101,IND,94,-7,0,
0021501013,2015-16,REG,2016-03-17,Thursday,,WAS,99,PHI,94,-5,0,
0021501014,2015-16,REG,2016-03-17,Thursday,,CHA,109,MIA,106,-3,0,
0021501015,2015-16,REG,2016-03-17,Thursday,,DEN,98,ATL,116,18,0,
0021501016,2015-16,REG,2016-03-17,Thursday,,BKN,102,CHI,118,16,0,
0021501017,2015-16,REG,2016-03-17,Thursday,,MEM,86,MIL,96,10,0,
0021501018,2015-16,REG,2016-03-17,Thursday,,POR,110,SAS,118,8,0,
0021501019,2015-16,REG,2016-03-17,Thursday,,PHX,69,UTA,103,34,0,
0021501020,2015-16,REG,2016-03-18,Friday,,CLE,109,ORL,103,-6,0,
0021501021,2015-16,REG,2016-03-18,Friday,,OKC,111,PHI,97,-14,0,
0021501022,2015-16,REG,2016-03-18,Friday,,SAC,108,DET,115,7,0,
0021501023,2015-16,REG,2016-03-18,Friday,,BOS,91,TOR,105,14,0,
0021501024,2015-16,REG,2016-03-18,Friday,,MIN,111,HOU,116,5,0,
0021501025,2015-16,REG,2016-03-18,Friday,,POR,117,NOP,112,-5,0,
0021501026,2015-16,REG,2016-03-18,Friday,,GSW,130,DAL,112,-18,0,
0021501027,2015-16,REG,2016-03-18,Friday,,PHX,95,LAL,90,-5,0,
0021501028,2015-16,REG,2016-03-19,Saturday,,DEN,101,CHA,93,-8,0,
0021501029,2015-16,REG,2016-03-19,Saturday,,HOU,97,ATL,109,12,0,
0021501030,2015-16,REG,2016-03-19,Saturday,,BKN,103,DET,115,12,0,
0021501031,2015-16,REG,2016-03-19,Saturday,,OKC,115,IND,111,-4,0,
0021501032,2015-16,REG,2016-03-19,Saturday,,NYK,89,WAS,99,10,0,
0021501033,2015-16,REG,2016-03-19,Saturday,,CLE,101,MIA,122,21,0,
0021501034,2015-16,REG,2016-03-19,Saturday,,UTA,85,CHI,92,7,0,
0021501035,2015-16,REG,2016-03-19,Saturday,,LAC,102,MEM,113,11,0,
0021501036,2015-16,REG,2016-03-19,Saturday,,GSW,79,SAS,87,8,0,
0021501037,2015-16,REG,2016-03-20,Sunday,,POR,120,DAL,132,12,0,
0021501038,2015-16,REG,2016-03-20,Sunday,,ORL,100,TOR,105,5,0,
0021501039,2015-16,REG,2016-03-20,Sunday,,BOS,120,PHI,105,-15,0,
0021501040,2015-16,REG,2016-03-20,Sunday,,LAC,105,NOP,109,4,0,
0021501041,2015-16,REG,2016-03-20,Sunday,,UTA,94,MIL,85,-9,0,
0021501042,2015-16,REG,2016-03-20,Sunday,,SAC,88,NYK,80,-8,0,
0021501043,2015-16,REG,2016-03-21,Monday,,SAS,88,CHA,91,3,0,
0021501044,2015-16,REG,2016-03-21,Monday,,DEN,91,CLE,124,33,0,
0021501045,2015-16,REG,2016-03-21,Monday,,PHI,75,IND,91,16,0,
0021501046,2015-16,REG,2016-03-21,Monday,,ORL,96,BOS,107,11,0,
0021501047,2015-16,REG,2016-03-21,Monday,,MIL,91,DET,92,1,0,
0021501048,2015-16,REG,2016-03-21,Monday,,WAS,117,ATL,102,-15,0,
0021501049,2015-16,REG,2016-03-21,Monday,,SAC,102,CHI,109,7,0,
0021501050,2015-16,REG,2016-03-21,Monday,,GSW,109,MIN,104,-5,0,
0021501051,2015-16,REG,2016-03-21,Monday,,MEM,103,PHX,97,-6,0,
0021501052,2015-16,REG,2016-03-22,Tuesday,,CHA,105,BKN,100,-5,0,
0021501053,2015-16,REG,2016-03-22,Tuesday,,MIA,113,NOP,99,-14,0,
0021501054,2015-16,REG,2016-03-22,Tuesday,,HOU,107,OKC,111,4,0,
0021501055,2015-16,REG,2016-03-22,Tuesday,,MEM,100,LAL,107,7,0,
0021501056,2015-16,REG,2016-03-23,Wednesday,,ATL,122,WAS,101,-21,0,
0021501057,2015-16,REG,2016-03-23,Wednesday,,TOR,79,BOS,91,12,0,
0021501058,2015-16,REG,2016-03-23,Wednesday,,ORL,102,DET,118,16,0,
0021501059,2015-16,REG,2016-03-23,Wednesday,,MIL,104,CLE,113,9,0,
0021501060,2015-16,REG,2016-03-23,Wednesday,,NYK,115,CHI,107,-8,0,
0021501061,2015-16,REG,2016-03-23,Wednesday,,UTA,89,HOU,87,-2,0,
0021501062,2015-16,REG,2016-03-23,Wednesday,,SAC,104,MIN,113,9,0,
0021501063,2015-16,REG,2016-03-23,Wednesday,,MIA,88,SAS,112,24,0,
0021501064,2015-16,REG,2016-03-23,Wednesday,,PHI,103,DEN,104,1,0,
0021501065,2015-16,REG,2016-03-23,Wednesday,,LAL,107,PHX,119,12,0,
0021501066,2015-16,REG,2016-03-23,Wednesday,,LAC,98,GSW,114,16,0,
0021501067,2015-16,REG,2016-03-23,Wednesday,,DAL,103,POR,109,6,0,
0021501068,2015-16,REG,2016-03-24,Thursday,,NOP,84,IND,92,8,0,
0021501069,2015-16,REG,2016-03-24,Thursday,,CLE,95,BKN,104,9,0,
0021501070,2015-16,REG,2016-03-24,Thursday,,CHI,94,NYK,106,12,0,
0021501071,2015-16,REG,2016-03-24,Thursday,,UTA,91,OKC,113,22,0,
0021501072,2015-16,REG,2016-03-24,Thursday,,POR,94,LAC,96,2,0,
0021501073,2015-16,REG,2016-03-25,Friday,,MIN,132,WAS,129,-3,0,
0021501074,2015-16,REG,2016-03-25,Friday,,CHA,105,DET,112,7,0,
0021501075,2015-16,REG,2016-03-25,Friday,,ORL,97,MIA,108,11,0,
0021501076,2015-16,REG,2016-03-25,Friday,,MIL,90,ATL,101,11,0,
0021501077,2015-16,REG,2016-03-25,Friday,,TOR,109,HOU,112,3,0,
0021501078,2015-16,REG,2016-03-25,Friday,,MEM,104,SAS,110,6,0,
0021501079,2015-16,REG,2016-03-25,Friday,,PHX,94,SAC,116,22,0,
0021501080,2015-16,REG,2016-03-25,Friday,,DAL,120,GSW,128,8,0,
0021501081,2015-16,REG,2016-03-25,Friday,,DEN,116,LAL,105,-11,0,
0021501082,2015-16,REG,2016-03-26,Saturday,,IND,110,BKN,120,10,0,
0021501083,2015-16,REG,2016-03-26,Saturday,,CHI,89,ORL,111,22,0,
0021501084,2015-16,REG,2016-03-26,Saturday,,TOR,115,NOP,91,-24,0,
0021501085,2015-16,REG,2016-03-26,Saturday,,ATL,112,DET,95,-17,0,
0021501086,2015-16,REG,2016-03-26,Saturday,,CLE,107,NYK,93,-14,0,
0021501087,2015-16,REG,2016-03-26,Saturday,,UTA,93,MIN,84,-9,0,
0021501088,2015-16,REG,2016-03-26,Saturday,,SAS,92,OKC,111,19,0,
0021501089,2015-16,REG,2016-03-26,Saturday,,CHA,115,MIL,91,-24,0,
0021501090,2015-16,REG,2016-03-26,Saturday,,BOS,102,PHX,99,-3,0,
0021501091,2015-16,REG,2016-03-26,Saturday,,PHI,105,POR,108,3,0,
0021501092,2015-16,REG,2016-03-27,Sunday,,DEN,90,LAC,105,15,0,
0021501093,2015-16,REG,2016-03-27,Sunday,,HOU,101,IND,104,3,0,
0021501094,2015-16,REG,2016-03-27,Sunday,,PHI,105,GSW,117,12,0,
0021501095,2015-16,REG,2016-03-27,Sunday,,DAL,111,SAC,133,22,0,
0021501096,2015-16,REG,2016-03-27,Sunday,,WAS,101,LAL,88,-13,0,
0021501097,2015-16,REG,2016-03-28,Monday,,BKN,99,MIA,110,11,0,
0021501098,2015-16,REG,2016-03-28,Monday,,OKC,119,TOR,100,-19,0,
0021501099,2015-16,REG,2016-03-28,Monday,,ATL,102,CHI,100,-2,0,
0021501100,2015-16,REG,2016-03-28,Monday,,SAS,101,MEM,87,-14,0,
0021501101,2015-16,REG,2016-03-28,Monday,,PHX,116,MIN,121,5,0,
0021501102,2015-16,REG,2016-03-28,Monday,,NYK,91,NOP,99,8,0,
0021501103,2015-16,REG,2016-03-28,Monday,,DAL,97,DEN,88,-9,0,
0021501104,2015-16,REG,2016-03-28,Monday,,LAL,75,UTA,123,48,0,
0021501105,2015-16,REG,2016-03-28,Monday,,SAC,93,POR,105,12,0,
0021501106,2015-16,REG,2016-03-28,Monday,,BOS,90,LAC,114,24,0,
0021501107,2015-16,REG,2016-03-29,Tuesday,,CHI,98,IND,96,-2,0,
0021501108,2015-16,REG,2016-03-29,Tuesday,,BKN,105,ORL,139,34,0,
0021501109,2015-16,REG,2016-03-29,Tuesday,,CHA,100,PHI,85,-15,0,
0021501110,2015-16,REG,2016-03-29,Tuesday,,OKC,82,DET,88,6,0,
0021501111,2015-16,REG,2016-03-29,Tuesday,,HOU,106,CLE,100,-6,0,
0021501112,2015-16,REG,2016-03-29,Tuesday,,WAS,94,GSW,102,8,0,
0021501113,2015-16,REG,2016-03-30,Wednesday,,ATL,97,TOR,105,8,0,
0021501114,2015-16,REG,2016-03-30,Wednesday,,DEN,109,MEM,105,-4,0,
0021501115,2015-16,REG,2016-03-30,Wednesday,,PHX,94,MIL,105,11,0,
0021501116,2015-16,REG,2016-03-30,Wednesday,,LAC,99,MIN,79,-20,0,
0021501117,2015-16,REG,2016-03-30,Wednesday,,NYK,89,DAL,91,2,0,
0021501118,2015-16,REG,2016-03-30,Wednesday,,NOP,92,SAS,100,8,0,
0021501119,2015-16,REG,2016-03-30,Wednesday,,GSW,103,UTA,96,-7,0,
0021501120,2015-16,REG,2016-03-30,Wednesday,,WAS,111,SAC,120,9,0,
0021501121,2015-16,REG,2016-03-30,Wednesday,,MIA,100,LAL,102,2,0,
0021501122,2015-16,REG,2016-03-31,Thursday,,BKN,87,CLE,107,20,0,
0021501123,2015-16,REG,2016-03-31,Thursday,,ORL,114,IND,94,-20,0,
0021501124,2015-16,REG,2016-03-31,Thursday,,CHI,103,HOU,100,-3,0,
0021501125,2015-16,REG,2016-03-31,Thursday,,DEN,95,NOP,101,6,0,
0021501126,2015-16,REG,2016-03-31,Thursday,,LAC,117,OKC,119,2,0,
0021501127,2015-16,REG,2016-03-31,Thursday,,BOS,109,POR,116,7,0,
0021501128,2015-16,REG,2016-04-01,Friday,,PHI,91,CHA,100,9,0,
0021501129,2015-16,REG,2016-04-01,Friday,,DAL,98,DET,89,-9,0,
0021501130,2015-16,REG,2016-04-01,Friday,,BKN,91,NYK,105,14,0,
0021501131,2015-16,REG,2016-04-01,Friday,,CLE,110,ATL,108,-2,0,
0021501132,2015-16,REG,2016-04-01,Friday,,TOR,99,MEM,95,-4,0,
0021501133,2015-16,REG,2016-04-01,Friday,,ORL,110,MIL,113,3,0,
0021501134,2015-16,REG,2016-04-01,Friday,,MIN,85,UTA,98,13,0,
0021501135,2015-16,REG,2016-04-01,Friday,,MIA,112,SAC,106,-6,0,
0021501136,2015-16,REG,2016-04-01,Friday,,BOS,109,GSW,106,-3,0,
0021501137,2015-16,REG,2016-04-01,Friday,,WAS,106,PHX,99,-7,0,
0021501138,2015-16,REG,2016-04-02,Saturday,,IND,115,PHI,102,-13,0,
0021501139,2015-16,REG,2016-04-02,Saturday,,DET,94,CHI,90,-4,0,
0021501140,2015-16,REG,2016-04-02,Saturday,,TOR,95,SAS,102,7,0,
0021501141,2015-16,REG,2016-04-02,Saturday,,SAC,115,DEN,106,-9,0,
0021501142,2015-16,REG,2016-04-02,Saturday,,MIA,93,POR,110,17,0,
0021501143,2015-16,REG,2016-04-03,Sunday,,NOP,106,BKN,87,-19,0,
0021501144,2015-16,REG,2016-04-03,Sunday,,CHA,103,CLE,112,9,0,
0021501145,2015-16,REG,2016-04-03,Sunday,,OKC,110,HOU,118,8,0,
0021501146,2015-16,REG,2016-04-03,Sunday,,DAL,88,MIN,78,-10,0,
0021501147,2015-16,REG,2016-04-03,Sunday,,WAS,109,LAC,114,5,0,
0021501148,2015-16,REG,2016-04-03,Sunday,,MEM,107,ORL,119,12,0,
0021501149,2015-16,REG,2016-04-03,Sunday,,UTA,101,PHX,86,-15,0,
0021501150,2015-16,REG,2016-04-03,Sunday,,CHI,102,MIL,98,-4,0,
0021501151,2015-16,REG,2016-04-03,Sunday,,IND,92,NYK,87,-5,0,
0021501152,2015-16,REG,2016-04-03,Sunday,,POR,111,GSW,136,25,0,
0021501153,2015-16,REG,2016-04-03,Sunday,,BOS,107,LAL,100,-7,0,
0021501154,2015-16,REG,2016-04-05,Tuesday,,NOP,93,PHI,107,14,0,
0021501155,2015-16,REG,2016-04-05,Tuesday,,DET,89,MIA,107,18,0,
0021501156,2015-16,REG,2016-04-05,Tuesday,,CHA,90,TOR,96,6,0,
0021501157,2015-16,REG,2016-04-05,Tuesday,,PHX,90,ATL,103,13,0,
0021501158,2015-16,REG,2016-04-05,Tuesday,,CHI,92,MEM,108,16,0,
0021501159,2015-16,REG,2016-04-05,Tuesday,,CLE,109,MIL,80,-29,0,
0021501160,2015-16,REG,2016-04-05,Tuesday,,OKC,124,DEN,102,-22,0,
0021501161,2015-16,REG,2016-04-05,Tuesday,,SAS,88,UTA,86,-2,0,
0021501162,2015-16,REG,2016-04-05,Tuesday,,POR,115,SAC,107,-8,0,
0021501163,2015-16,REG,2016-04-05,Tuesday,,MIN,124,GSW,117,-7,0,
0021501164,2015-16,REG,2016-04-05,Tuesday,,LAL,81,LAC,103,22,0,
0021501165,2015-16,REG,2016-04-06,Wednesday,,CLE,109,IND,123,14,0,
0021501166,2015-16,REG,2016-04-06,Wednesday,,DET,108,ORL,104,-4,0,
0021501167,2015-16,REG,2016-04-06,Wednesday,,BKN,103,WAS,121,18,0,
0021501168,2015-16,REG,2016-04-06,Wednesday,,NOP,97,BOS,104,7,0,
0021501169,2015-16,REG,2016-04-06,Wednesday,,CHA,111,NYK,97,-14,0,
0021501170,2015-16,REG,2016-04-06,Wednesday,,HOU,86,DAL,88,2,0,
0021501171,2015-16,REG,2016-04-06,Wednesday,,OKC,115,POR,120,5,0,
0021501172,2015-16,REG,2016-04-06,Wednesday,,LAC,91,LAL,81,-10,0,
0021501173,2015-16,REG,2016-04-07,Thursday,,TOR,87,ATL,95,8,0,
0021501174,2015-16,REG,2016-04-07,Thursday,,CHI,98,MIA,106,8,0,
0021501175,2015-16,REG,2016-04-07,Thursday,,PHX,124,HOU,115,-9,0,
0021501176,2015-16,REG,2016-04-07,Thursday,,MIN,105,SAC,97,-8,0,
0021501177,2015-16,REG,2016-04-07,Thursday,,SAS,101,GSW,112,11,0,
0021501178,2015-16,REG,2016-04-08,Friday,,BKN,99,CHA,113,14,0,
0021501179,2015-16,REG,2016-04-08,Friday,,MIA,109,ORL,112,3,0,
0021501180,2015-16,REG,2016-04-08,Friday,,NYK,109,PHI,102,-7,0,
0021501181,2015-16,REG,2016-04-08,Friday,,MIL,109,BOS,124,15,0,
0021501182,2015-16,REG,2016-04-08,Friday,,WAS,99,DET,112,13,0,
0021501183,2015-16,REG,2016-04-08,Friday,,IND,98,TOR,111,13,0,
0021501184,2015-16,REG,2016-04-08,Friday,,LAL,102,NOP,110,8,0,
0021501185,2015-16,REG,2016-04-08,Friday,,MEM,93,DAL,103,10,0,
0021501186,2015-16,REG,2016-04-08,Friday,,SAS,98,DEN,102,4,0,
0021501187,2015-16,REG,2016-04-08,Friday,,LAC,102,UTA,99,-3,0,
0021501188,2015-16,REG,2016-04-09,Saturday,,BOS,107,ATL,118,11,0,
0021501189,2015-16,REG,2016-04-09,Saturday,,PHX,121,NOP,100,-21,0,
0021501190,2015-16,REG,2016-04-09,Saturday,,GSW,100,MEM,99,-1,0,
0021501191,2015-16,REG,2016-04-09,Saturday,,CLE,102,CHI,105,3,0,
0021501192,2015-16,REG,2016-04-09,Saturday,,MIN,106,POR,105,-1,0,
0021501193,2015-16,REG,2016-04-09,Saturday,,OKC,112,SAC,114,2,0,
0021501194,2015-16,REG,2016-04-10,Sunday,,CHA,98,WAS,113,15,0,
0021501195,2015-16,REG,2016-04-10,Sunday,,LAL,110,HOU,130,20,0,
0021501196,2015-16,REG,2016-04-10,Sunday,,DAL,91,LAC,98,7,0,
0021501197,2015-16,REG,2016-04-10,Sunday,,MIL,109,PHI,108,-1,0,
0021501198,2015-16,REG,2016-04-10,Sunday,,UTA,100,DEN,84,-16,0,
0021501199,2015-16,REG,2016-04-10,Sunday,,BKN,105,IND,129,24,0,
0021501200,2015-16,REG,2016-04-10,Sunday,,ORL,96,MIA,118,22,0,
0021501201,2015-16,REG,2016-04-10,Sunday,,GSW,92,SAS,86,-6,0,
0021501202,2015-16,REG,2016-04-10,Sunday,,TOR,93,NYK,89,-4,0,
0021501203,2015-16,REG,2016-04-11,Monday,,ATL,94,CLE,109,15,0,
0021501204,2015-16,REG,2016-04-11,Monday,,MIL,98,ORL,107,9,0,
0021501205,2015-16,REG,2016-04-11,Monday,,CHA,114,BOS,100,-14,0,
0021501206,2015-16,REG,2016-04-11,Monday,,WAS,120,BKN,111,-9,0,
0021501207,2015-16,REG,2016-04-11,Monday,,HOU,129,MIN,105,-24,0,
0021501208,2015-16,REG,2016-04-11,Monday,,CHI,121,NOP,116,-5,0,
0021501209,2015-16,REG,2016-04-11,Monday,,LAL,79,OKC,112,33,0,
0021501210,2015-16,REG,2016-04-11,Monday,,DAL,101,UTA,92,-9,0,
0021501211,2015-16,REG,2016-04-11,Monday,,SAC,105,PHX,101,-4,0,
0021501212,2015-16,REG,2016-04-12,Tuesday,,NYK,90,IND,102,12,0,
0021501213,2015-16,REG,2016-04-12,Tuesday,,MIA,99,DET,93,-6,0,
0021501214,2015-16,REG,2016-04-12,Tuesday,,PHI,98,TOR,122,24,0,
0021501215,2015-16,REG,2016-04-12,Tuesday,,OKC,98,SAS,102,4,0,
0021501216,2015-16,REG,2016-04-12,Tuesday,,MEM,84,LAC,110,26,0,
0021501217,2015-16,REG,2016-04-13,Wednesday,,MIA,88,BOS,98,10,0,
0021501218,2015-16,REG,2016-04-13,Wednesday,,TOR,103,BKN,96,-7,0,
0021501219,2015-16,REG,2016-04-13,Wednesday,,ORL,103,CHA,117,14,0,
0021501220,2015-16,REG,2016-04-13,Wednesday,,DET,112,CLE,110,-2,0,
0021501221,2015-16,REG,2016-04-13,Wednesday,,ATL,98,WAS,109,11,0,
0021501222,2015-16,REG,2016-04-13,Wednesday,,PHI,105,CHI,115,10,0,
0021501223,2015-16,REG,2016-04-13,Wednesday,,SAS,96,DAL,91,-5,0,
0021501224,2015-16,REG,2016-04-13,Wednesday,,SAC,81,HOU,116,35,0,
0021501225,2015-16,REG,2016-04-13,Wednesday,,IND,97,MIL,92,-5,0,
0021501226,2015-16,REG,2016-04-13,Wednesday,,NOP,109,MIN,144,35,0,
0021501227,2015-16,REG,2016-04-13,Wednesday,,MEM,104,GSW,125,21,0,
0021501228,2015-16,REG,2016-04-13,Wednesday,,UTA,96,LAL,101,5,0,
0021501229,2015-16,REG,2016-04-13,Wednesday,,LAC,105,PHX,114,9,0,
0021501230,2015-16,REG,2016-04-13,Wednesday,,DEN,99,POR,107,8,0,
